board,period,label,unit_name,value
FUEL,2025-01,Ksub*min,BDG,23.07
FUEL,2025-01,Ksub*min,VCC HCM,19.07
FUEL,2025-01,Ksub*min,VTU,8.88
FUEL,2025-02,Ksub*min,BDG,38.71
FUEL,2025-02,Ksub*min,VCC HCM,30.78
FUEL,2025-02,Ksub*min,VTU,10.64
FUEL,2025-03,Ksub*min,BDG,29.76
FUEL,2025-03,Ksub*min,VCC HCM,25.7
FUEL,2025-03,Ksub*min,VTU,15.37
FUEL,2025-04,Ksub*min,BDG,43.68
FUEL,2025-04,Ksub*min,VCC HCM,43.89
FUEL,2025-04,Ksub*min,VTU,44.42
FUEL,2025-05,Ksub*min,BDG,65.32
FUEL,2025-05,Ksub*min,VCC HCM,55.54
FUEL,2025-05,Ksub*min,VTU,30.75
FUEL,2025-06,Ksub*min,BDG,46.78
FUEL,2025-06,Ksub*min,VCC HCM,45.43
FUEL,2025-06,Ksub*min,VTU,42.01
FUEL,2025-07,Ksub*min,BDG,29.84
FUEL,2025-07,Ksub*min,VCC HCM,29.57
FUEL,2025-07,Ksub*min,VTU,28.87
FUEL,2025-08,Ksub*min,BDG,45.15
FUEL,2025-08,Ksub*min,VCC HCM,47.18
FUEL,2025-08,Ksub*min,VTU,52.33
FUEL,2025-09,Ksub*min,BDG,63.94
FUEL,2025-09,Ksub*min,VCC HCM,51.84
FUEL,2025-09,Ksub*min,VTU,21.17
FUEL,2025-10,Ksub*min,BDG,55.74
FUEL,2025-10,Ksub*min,VCC HCM,52.58
FUEL,2025-10,Ksub*min,VTU,44.55
FUEL,2025-11,Ksub*min,BDG,33.26
FUEL,2025-11,Ksub*min,VCC HCM,29.07
FUEL,2025-11,Ksub*min,VTU,18.47
FUEL,2025-12,Ksub*min,BDG,47.65
FUEL,2025-12,Ksub*min,VCC HCM,45.48
FUEL,2025-12,Ksub*min,VTU,39.97
FUEL,2026-01,Ksub*min,BDG,49.23
FUEL,2026-01,Ksub*min,VCC HCM,40.36
FUEL,2026-01,Ksub*min,VTU,18.13
FUEL,2026-02,Ksub*min,BDG,25.02
FUEL,2026-02,Ksub*min,VCC HCM,23.05
FUEL,2026-02,Ksub*min,VTU,18.12
FUEL,2026-03,Ksub*min,BDG,52.36
FUEL,2026-03,Ksub*min,VCC HCM,40.92
FUEL,2026-03,Ksub*min,VTU,12.25
FUEL,2026-04,Ksub*min,BDG,26.33
FUEL,2026-04,Ksub*min,VCC HCM,22.8
FUEL,2026-04,Ksub*min,VTU,13.94
FUEL,2026-05,Ksub*min,BDG,26.33
FUEL,2026-05,Ksub*min,VCC HCM,26.68
FUEL,2026-05,Ksub*min,VTU,13.94
FUEL,2026-06,Ksub*min,BDG,38.45
FUEL,2026-06,Ksub*min,VCC HCM,29.96
FUEL,2026-06,Ksub*min,VTU,8.67
FUEL,2026-07,Ksub*min,BDG,27.42
FUEL,2026-07,Ksub*min,VCC HCM,23.27
FUEL,2026-07,Ksub*min,VTU,12.86
FUEL,2026-08,Ksub*min,BDG,15.3
FUEL,2026-08,Ksub*min,VTU,11.1
FUEL_TARGET,2025-01,Ksub*min,BDG,50.51
FUEL_TARGET,2025-01,Ksub*min,VCC HCM,45.66
FUEL_TARGET,2025-01,Ksub*min,VTU,33.3
FUEL_TARGET,2025-02,Ksub*min,BDG,41.01
FUEL_TARGET,2025-02,Ksub*min,VCC HCM,38.18
FUEL_TARGET,2025-02,Ksub*min,VTU,30.98
FUEL_TARGET,2025-03,Ksub*min,BDG,48.53
FUEL_TARGET,2025-03,Ksub*min,VCC HCM,44.61
FUEL_TARGET,2025-03,Ksub*min,VTU,34.65
FUEL_TARGET,2025-04,Ksub*min,BDG,75.35
FUEL_TARGET,2025-04,Ksub*min,VCC HCM,67.02
FUEL_TARGET,2025-04,Ksub*min,VTU,45.87
FUEL_TARGET,2025-05,Ksub*min,BDG,93.44
FUEL_TARGET,2025-05,Ksub*min,VCC HCM,83.33
FUEL_TARGET,2025-05,Ksub*min,VTU,57.69
FUEL_TARGET,2025-06,Ksub*min,BDG,103.64
FUEL_TARGET,2025-06,Ksub*min,VCC HCM,92.94
FUEL_TARGET,2025-06,Ksub*min,VTU,65.79
FUEL_TARGET,2025-07,Ksub*min,BDG,91.24
FUEL_TARGET,2025-07,Ksub*min,VCC HCM,82.21
FUEL_TARGET,2025-07,Ksub*min,VTU,59.32
FUEL_TARGET,2025-08,Ksub*min,BDG,77.57
FUEL_TARGET,2025-08,Ksub*min,VCC HCM,69.56
FUEL_TARGET,2025-08,Ksub*min,VTU,49.27
FUEL_TARGET,2025-09,Ksub*min,BDG,69.18
FUEL_TARGET,2025-09,Ksub*min,VCC HCM,62.42
FUEL_TARGET,2025-09,Ksub*min,VTU,45.28
FUEL_TARGET,2025-10,Ksub*min,BDG,57.3
FUEL_TARGET,2025-10,Ksub*min,VCC HCM,52.53
FUEL_TARGET,2025-10,Ksub*min,VTU,40.43
FUEL_TARGET,2025-11,Ksub*min,BDG,60.22
FUEL_TARGET,2025-11,Ksub*min,VCC HCM,54.78
FUEL_TARGET,2025-11,Ksub*min,VTU,40.99
FUEL_TARGET,2025-12,Ksub*min,BDG,57.29
FUEL_TARGET,2025-12,Ksub*min,VCC HCM,52.39
FUEL_TARGET,2025-12,Ksub*min,VTU,39.96
FUEL_TARGET,2026-01,Ksub*min,BDG,50.51
FUEL_TARGET,2026-01,Ksub*min,VCC HCM,45.6
FUEL_TARGET,2026-01,Ksub*min,VTU,33.3
FUEL_TARGET,2026-02,Ksub*min,BDG,41.01
FUEL_TARGET,2026-02,Ksub*min,VCC HCM,38.15
FUEL_TARGET,2026-02,Ksub*min,VTU,30.98
FUEL_TARGET,2026-03,Ksub*min,BDG,48.53
FUEL_TARGET,2026-03,Ksub*min,VCC HCM,44.57
FUEL_TARGET,2026-03,Ksub*min,VTU,34.65
FUEL_TARGET,2026-04,Ksub*min,BDG,75.35
FUEL_TARGET,2026-04,Ksub*min,VCC HCM,66.94
FUEL_TARGET,2026-04,Ksub*min,VTU,45.87
FUEL_TARGET,2026-05,Ksub*min,BDG,93.44
FUEL_TARGET,2026-05,Ksub*min,VCC HCM,83.25
FUEL_TARGET,2026-05,Ksub*min,VTU,57.69
FUEL_TARGET,2026-06,Ksub*min,BDG,103.64
FUEL_TARGET,2026-06,Ksub*min,VCC HCM,92.85
FUEL_TARGET,2026-06,Ksub*min,VTU,65.79
FUEL_TARGET,2026-07,Ksub*min,BDG,91.24
FUEL_TARGET,2026-07,Ksub*min,VCC HCM,82.14
FUEL_TARGET,2026-07,Ksub*min,VTU,59.32
FUEL_TARGET,2026-08,Ksub*min,BDG,77.6
FUEL_TARGET,2026-08,Ksub*min,VTU,49.3
HIRE,2026-Q3,Số lượng,Nhu cầu,48.0
HIRE,2026-Q3,Số lượng,Phỏng vấn,96.0
HIRE,2026-Q3,Số lượng,Đã nhận việc,33.0
HIRE,2026-Q3,Số lượng,Đạt,41.0
HIRE,2026-Q3,Số lượng,Ứng tuyển,214.0
KPI,2025-01,Tiền phạt/Doanh thu,,1.96
KPI,2025-01,Tỷ lệ phạt/DT VTNet,,1.16
KPI,2025-01,Tỷ lệ phạt/DT VTT,,2.48
KPI,2025-02,Tiền phạt/Doanh thu,,1.71
KPI,2025-02,Tỷ lệ phạt/DT VTNet,,2.7
KPI,2025-02,Tỷ lệ phạt/DT VTT,,1.03
KPI,2025-03,Tiền phạt/Doanh thu,,1.72
KPI,2025-03,Tỷ lệ phạt/DT VTNet,,2.6
KPI,2025-03,Tỷ lệ phạt/DT VTT,,1.13
KPI,2025-04,Tiền phạt/Doanh thu,,2.56
KPI,2025-04,Tỷ lệ phạt/DT VTNet,,4.77
KPI,2025-04,Tỷ lệ phạt/DT VTT,,1.0
KPI,2025-05,Tiền phạt/Doanh thu,,1.35
KPI,2025-05,Tỷ lệ phạt/DT VTNet,,1.96
KPI,2025-05,Tỷ lệ phạt/DT VTT,,0.92
KPI,2025-06,Tiền phạt/Doanh thu,,1.35
KPI,2025-06,Tỷ lệ phạt/DT VTNet,,1.96
KPI,2025-06,Tỷ lệ phạt/DT VTT,,0.95
KPI,2025-07,Tiền phạt/Doanh thu,,2.02
KPI,2025-07,Tỷ lệ phạt/DT VTNet,,2.29
KPI,2025-07,Tỷ lệ phạt/DT VTT,,1.84
KPI,2025-08,Tiền phạt/Doanh thu,,2.82
KPI,2025-08,Tỷ lệ phạt/DT VTNet,,4.34
KPI,2025-08,Tỷ lệ phạt/DT VTT,,1.81
KPI,2025-09,Tiền phạt/Doanh thu,,1.56
KPI,2025-09,Tỷ lệ phạt/DT VTNet,,1.6
KPI,2025-09,Tỷ lệ phạt/DT VTT,,1.53
KPI,2025-10,Tiền phạt/Doanh thu,,1.6
KPI,2025-10,Tỷ lệ phạt/DT VTNet,,1.44
KPI,2025-10,Tỷ lệ phạt/DT VTT,,1.71
KPI,2025-11,Tiền phạt/Doanh thu,,1.14
KPI,2025-11,Tỷ lệ phạt/DT VTNet,,0.49
KPI,2025-11,Tỷ lệ phạt/DT VTT,,1.56
KPI,2025-12,Tiền phạt/Doanh thu,,1.68
KPI,2025-12,Tỷ lệ phạt/DT VTNet,,1.17
KPI,2025-12,Tỷ lệ phạt/DT VTT,,2.01
KPI,2026-01,Doanh thu,,16795.8
KPI,2026-01,Tiền phạt/Doanh thu,,1.91
KPI,2026-01,Tỷ lệ phạt/DT VTNet,,1.47
KPI,2026-01,Tỷ lệ phạt/DT VTT,,2.21
KPI,2026-02,Doanh thu,,16190.0
KPI,2026-02,Tiền phạt/Doanh thu,,2.0
KPI,2026-02,Tỷ lệ phạt/DT VTNet,,1.33
KPI,2026-02,Tỷ lệ phạt/DT VTT,,2.44
KPI,2026-03,Doanh thu,,17018.8
KPI,2026-03,Tiền phạt/Doanh thu,,2.13
KPI,2026-03,Tỷ lệ phạt/DT VTNet,,3.07
KPI,2026-03,Tỷ lệ phạt/DT VTT,,1.48
KPI,2026-04,Doanh thu,,17015.2
KPI,2026-04,Tiền phạt/Doanh thu,,1.97
KPI,2026-04,Tỷ lệ phạt/DT VTNet,,1.59
KPI,2026-04,Tỷ lệ phạt/DT VTT,,2.24
KPI,2026-05,Doanh thu,,16889.5
KPI,2026-05,Tiền phạt/Doanh thu,,1.81
KPI,2026-05,Tỷ lệ phạt/DT VTNet,,1.51
KPI,2026-05,Tỷ lệ phạt/DT VTT,,2.01
KPI,2026-06,Doanh thu,,17065.1
KPI,2026-06,Tiền phạt/Doanh thu,,1.69
KPI,2026-06,Tỷ lệ phạt/DT VTNet,,2.03
KPI,2026-06,Tỷ lệ phạt/DT VTT,,1.45
KPI,2026-07,Doanh thu,,17333.3
KPI,2026-07,Tiền phạt/Doanh thu,,0.93
KPI,2026-07,Tỷ lệ phạt/DT VTNet,,0.5
KPI,2026-07,Tỷ lệ phạt/DT VTT,,1.24
KPI_TARGET,2026-01,Tiền phạt/Doanh thu,,1.0
KPI_TARGET,2026-01,Tỷ lệ phạt/DT VTNet,,1.0
KPI_TARGET,2026-01,Tỷ lệ phạt/DT VTT,,1.0
KPI_TARGET,2026-02,Tiền phạt/Doanh thu,,1.0
KPI_TARGET,2026-02,Tỷ lệ phạt/DT VTNet,,1.0
KPI_TARGET,2026-02,Tỷ lệ phạt/DT VTT,,1.0
KPI_TARGET,2026-03,Tiền phạt/Doanh thu,,1.0
KPI_TARGET,2026-03,Tỷ lệ phạt/DT VTNet,,1.0
KPI_TARGET,2026-03,Tỷ lệ phạt/DT VTT,,1.0
KPI_TARGET,2026-04,Tiền phạt/Doanh thu,,1.0
KPI_TARGET,2026-04,Tỷ lệ phạt/DT VTNet,,1.0
KPI_TARGET,2026-04,Tỷ lệ phạt/DT VTT,,1.0
KPI_TARGET,2026-05,Tiền phạt/Doanh thu,,1.0
KPI_TARGET,2026-05,Tỷ lệ phạt/DT VTNet,,1.0
KPI_TARGET,2026-05,Tỷ lệ phạt/DT VTT,,1.0
KPI_TARGET,2026-06,Tiền phạt/Doanh thu,,1.0
KPI_TARGET,2026-06,Tỷ lệ phạt/DT VTNet,,1.0
KPI_TARGET,2026-06,Tỷ lệ phạt/DT VTT,,1.0
KPI_TARGET,2026-07,Tiền phạt/Doanh thu,,1.0
KPI_TARGET,2026-08,Tiền phạt/Doanh thu,,1.0
KPI_TARGET,2026-09,Tiền phạt/Doanh thu,,1.0
KPI_TARGET,2026-10,Tiền phạt/Doanh thu,,1.0
KPI_TARGET,2026-11,Tiền phạt/Doanh thu,,1.0
KPI_TARGET,2026-12,Tiền phạt/Doanh thu,,1.0
KPI_VTNET,2026-01,"Bảo quản, bảo dưỡng",,50.9
KPI_VTNET,2026-01,"Củng cố nâng cấp nhà trạm, tuyến cáp",,2.4
KPI_VTNET,2026-01,Giám sát điều hành XLSC,,21.4
KPI_VTNET,2026-01,QHTKTU,,0.4
KPI_VTNET,2026-01,QLTS,,3.9
KPI_VTNET,2026-01,Số sự cố truyền dẫn,,19.4
KPI_VTNET,2026-01,VTTB dự phòng,,0.6
KPI_VTNET,2026-02,"Bảo quản, bảo dưỡng",,1.8
KPI_VTNET,2026-02,"Củng cố nâng cấp nhà trạm, tuyến cáp",,0.1
KPI_VTNET,2026-02,Giám sát điều hành XLSC,,6.9
KPI_VTNET,2026-02,Phạt trực tiếp,,33.3
KPI_VTNET,2026-02,QLTS,,36.6
KPI_VTNET,2026-02,Số sự cố truyền dẫn,,8.7
KPI_VTNET,2026-03,"BD, SC ĐH, MPĐ",,16.6
KPI_VTNET,2026-03,"Bảo quản, bảo dưỡng",,165.3
KPI_VTNET,2026-03,Giám sát điều hành XLSC,,5.6
KPI_VTNET,2026-03,Ksub*min,,13.1
KPI_VTNET,2026-03,QHTKTU,,0.5
KPI_VTNET,2026-03,QLTS,,1.0
KPI_VTNET,2026-03,Số sự cố truyền dẫn,,10.8
KPI_VTNET,2026-04,"BD, SC ĐH, MPĐ",,0.7
KPI_VTNET,2026-04,"Bảo quản, bảo dưỡng",,70.1
KPI_VTNET,2026-04,Giám sát điều hành XLSC,,24.4
KPI_VTNET,2026-04,Phạt trực tiếp,,3.0
KPI_VTNET,2026-04,QLTS,,4.4
KPI_VTNET,2026-04,Số sự cố truyền dẫn,,8.8
KPI_VTNET,2026-05,"Bảo quản, bảo dưỡng",,80.5
KPI_VTNET,2026-05,Giám sát điều hành XLSC,,2.8
KPI_VTNET,2026-05,QHTKTU,,1.9
KPI_VTNET,2026-05,QLTS,,6.7
KPI_VTNET,2026-05,Số sự cố truyền dẫn,,13.2
KPI_VTNET,2026-06,"BD, SC ĐH, MPĐ",,10.4
KPI_VTNET,2026-06,"Bảo quản, bảo dưỡng",,13.8
KPI_VTNET,2026-06,"Củng cố nâng cấp nhà trạm, tuyến cáp",,0.7
KPI_VTNET,2026-06,Giám sát điều hành XLSC,,61.5
KPI_VTNET,2026-06,QHTKTU,,9.1
KPI_VTNET,2026-06,QLTS,,37.8
KPI_VTNET,2026-06,Số sự cố truyền dẫn,,8.8
KPI_VTNET,2026-07,"Bảo quản, bảo dưỡng",,17.3
KPI_VTNET,2026-07,"Củng cố nâng cấp nhà trạm, tuyến cáp",,0.1
KPI_VTNET,2026-07,Giám sát điều hành XLSC,,9.7
KPI_VTNET,2026-07,QHTKTU,,3.8
KPI_VTNET,2026-07,QLTS,,1.2
KPI_VTNET,2026-07,Số sự cố truyền dẫn,,4.1
KPI_VTT,2026-01,KPI Duy trì,,56.7
KPI_VTT,2026-01,KPI TKM,,6.4
KPI_VTT,2026-01,Lỗi lặp >3 lần,,1.0
KPI_VTT,2026-01,Lỗi phát sinh sau TKM,,7.0
KPI_VTT,2026-01,Lỗi sai vật tư+Quy cách,,2.5
KPI_VTT,2026-01,OMNICHANEL,,0.8
KPI_VTT,2026-01,Phạt lỗi CSKH,,7.0
KPI_VTT,2026-01,Phạt rời mạng,,122.3
KPI_VTT,2026-01,Thu hồi thiết bị,,18.1
KPI_VTT,2026-02,KPI Duy trì,,109.4
KPI_VTT,2026-02,KPI TKM,,4.4
KPI_VTT,2026-02,Lỗi lặp >3 lần,,1.1
KPI_VTT,2026-02,Lỗi phát sinh sau TKM,,3.8
KPI_VTT,2026-02,Lỗi sai vật tư+Quy cách,,2.7
KPI_VTT,2026-02,OMNICHANEL,,0.5
KPI_VTT,2026-02,Phạt lỗi CSKH,,2.0
KPI_VTT,2026-02,Phạt rời mạng,,95.3
KPI_VTT,2026-02,Thu hồi thiết bị,,17.2
KPI_VTT,2026-03,KPI Duy trì,,36.1
KPI_VTT,2026-03,KPI TKM,,4.4
KPI_VTT,2026-03,Lỗi lặp >3 lần,,1.1
KPI_VTT,2026-03,Lỗi phát sinh sau TKM,,4.5
KPI_VTT,2026-03,Lỗi sai vật tư+Quy cách,,6.2
KPI_VTT,2026-03,OMNICHANEL,,1.1
KPI_VTT,2026-03,Phạt lỗi CSKH,,3.0
KPI_VTT,2026-03,Phạt rời mạng,,77.4
KPI_VTT,2026-03,Thi CMNV,,2.0
KPI_VTT,2026-03,Thu hồi thiết bị,,13.8
KPI_VTT,2026-04,KPI Duy trì,,66.0
KPI_VTT,2026-04,KPI TKM,,10.1
KPI_VTT,2026-04,Lỗi lặp >3 lần,,0.6
KPI_VTT,2026-04,Lỗi phát sinh sau TKM,,4.8
KPI_VTT,2026-04,Lỗi sai vật tư+Quy cách,,4.6
KPI_VTT,2026-04,OMNICHANEL,,0.8
KPI_VTT,2026-04,Phạt lỗi CSKH,,10.8
KPI_VTT,2026-04,Phạt rời mạng,,115.8
KPI_VTT,2026-04,Thu hồi thiết bị,,10.3
KPI_VTT,2026-05,KPI Duy trì,,48.3
KPI_VTT,2026-05,KPI TKM,,9.4
KPI_VTT,2026-05,Lỗi lặp >3 lần,,0.8
KPI_VTT,2026-05,Lỗi phát sinh sau TKM,,4.2
KPI_VTT,2026-05,Lỗi sai vật tư+Quy cách,,5.1
KPI_VTT,2026-05,OMNICHANEL,,1.0
KPI_VTT,2026-05,Phạt lỗi CSKH,,13.0
KPI_VTT,2026-05,Phạt rút/cắm port,,0.1
KPI_VTT,2026-05,Phạt rời mạng,,110.6
KPI_VTT,2026-05,Thu hồi thiết bị,,8.1
KPI_VTT,2026-06,KPI Duy trì,,26.1
KPI_VTT,2026-06,KPI TKM,,8.1
KPI_VTT,2026-06,Lỗi lặp >3 lần,,0.4
KPI_VTT,2026-06,Lỗi phát sinh sau TKM,,4.2
KPI_VTT,2026-06,Lỗi sai vật tư+Quy cách,,5.1
KPI_VTT,2026-06,OMNICHANEL,,1.0
KPI_VTT,2026-06,Phạt lỗi CSKH,,9.3
KPI_VTT,2026-06,Phạt rời mạng,,84.1
KPI_VTT,2026-06,Thu hồi thiết bị,,8.0
KPI_VTT,2026-07,KPI Duy trì,,33.6
KPI_VTT,2026-07,KPI TKM,,13.1
KPI_VTT,2026-07,Lỗi lặp >3 lần,,0.7
KPI_VTT,2026-07,Lỗi phát sinh sau TKM,,6.4
KPI_VTT,2026-07,Lỗi sai vật tư+Quy cách,,3.8
KPI_VTT,2026-07,OMNICHANEL,,0.5
KPI_VTT,2026-07,Phạt lỗi CSKH,,6.5
KPI_VTT,2026-07,Phạt rút/cắm port,,0.1
KPI_VTT,2026-07,Phạt rời mạng,,53.2
KPI_VTT,2026-07,Thu hồi thiết bị,,7.1
NETWORK,2025-01,Số PA phát sinh trong tháng,VCC HCM,13580.0
NETWORK,2025-01,XLCS 10h,VCC HCM,95.75
NETWORK,2025-01,XLCS 24h,VCC HCM,99.43
NETWORK,2025-01,XLCS 3h,VCC HCM,69.66
NETWORK,2025-02,Số PA phát sinh trong tháng,VCC HCM,10357.0
NETWORK,2025-02,XLCS 10h,VCC HCM,97.25
NETWORK,2025-02,XLCS 24h,VCC HCM,99.81
NETWORK,2025-02,XLCS 3h,VCC HCM,70.97
NETWORK,2025-03,Số PA phát sinh trong tháng,VCC HCM,12934.0
NETWORK,2025-03,XLCS 10h,VCC HCM,97.88
NETWORK,2025-03,XLCS 24h,VCC HCM,99.85
NETWORK,2025-03,XLCS 3h,VCC HCM,73.56
NETWORK,2025-04,Số PA phát sinh trong tháng,VCC HCM,14238.0
NETWORK,2025-04,XLCS 10h,VCC HCM,97.45
NETWORK,2025-04,XLCS 24h,VCC HCM,99.83
NETWORK,2025-04,XLCS 3h,VCC HCM,73.14
NETWORK,2025-05,Số PA phát sinh trong tháng,VCC HCM,16706.0
NETWORK,2025-05,XLCS 10h,VCC HCM,97.07
NETWORK,2025-05,XLCS 24h,VCC HCM,99.88
NETWORK,2025-05,XLCS 3h,VCC HCM,72.04
NETWORK,2025-06,Số PA phát sinh trong tháng,VCC HCM,14529.0
NETWORK,2025-06,XLCS 10h,VCC HCM,96.7
NETWORK,2025-06,XLCS 24h,VCC HCM,99.89
NETWORK,2025-06,XLCS 3h,VCC HCM,71.3
NETWORK,2025-07,Số PA phát sinh trong tháng,VCC HCM,13890.0
NETWORK,2025-07,XLCS 10h,VCC HCM,96.88
NETWORK,2025-07,XLCS 24h,VCC HCM,99.81
NETWORK,2025-07,XLCS 3h,VCC HCM,71.88
NETWORK,2025-08,Số PA phát sinh trong tháng,VCC HCM,13890.0
NETWORK,2025-08,XLCS 10h,VCC HCM,96.88
NETWORK,2025-08,XLCS 24h,VCC HCM,99.81
NETWORK,2025-08,XLCS 3h,VCC HCM,71.88
NETWORK,2025-09,Số PA phát sinh trong tháng,VCC HCM,12530.0
NETWORK,2025-09,XLCS 10h,VCC HCM,96.8
NETWORK,2025-09,XLCS 24h,VCC HCM,99.79
NETWORK,2025-09,XLCS 3h,VCC HCM,71.44
NETWORK,2025-10,Số PA phát sinh trong tháng,VCC HCM,13400.0
NETWORK,2025-10,XLCS 10h,VCC HCM,96.16
NETWORK,2025-10,XLCS 24h,VCC HCM,99.79
NETWORK,2025-10,XLCS 3h,VCC HCM,71.96
NETWORK,2025-11,Số PA phát sinh trong tháng,VCC HCM,14269.0
NETWORK,2025-11,XLCS 10h,VCC HCM,96.88
NETWORK,2025-11,XLCS 24h,VCC HCM,99.75
NETWORK,2025-11,XLCS 3h,VCC HCM,72.77
NETWORK,2025-12,Số PA phát sinh trong tháng,VCC HCM,17037.0
NETWORK,2025-12,XLCS 10h,VCC HCM,97.42
NETWORK,2025-12,XLCS 24h,VCC HCM,99.75
NETWORK,2025-12,XLCS 3h,VCC HCM,74.66
NETWORK,2026-01,Số PA phát sinh trong tháng,VCC HCM,28770.0
NETWORK,2026-01,XLCS 10h,BDG,97.12
NETWORK,2026-01,XLCS 10h,VCC HCM,97.2
NETWORK,2026-01,XLCS 10h,VTU,97.26
NETWORK,2026-01,XLCS 24h,BDG,99.81
NETWORK,2026-01,XLCS 24h,VCC HCM,99.8
NETWORK,2026-01,XLCS 24h,VTU,99.73
NETWORK,2026-01,XLCS 3h,BDG,77.71
NETWORK,2026-01,XLCS 3h,VCC HCM,76.9
NETWORK,2026-01,XLCS 3h,VTU,74.6
NETWORK,2026-02,Số PA phát sinh trong tháng,VCC HCM,23182.0
NETWORK,2026-02,XLCS 10h,BDG,96.47
NETWORK,2026-02,XLCS 10h,VCC HCM,96.4
NETWORK,2026-02,XLCS 10h,VTU,96.34
NETWORK,2026-02,XLCS 24h,BDG,99.88
NETWORK,2026-02,XLCS 24h,VCC HCM,99.7
NETWORK,2026-02,XLCS 24h,VTU,99.35
NETWORK,2026-02,XLCS 3h,BDG,74.63
NETWORK,2026-02,XLCS 3h,VCC HCM,71.5
NETWORK,2026-02,XLCS 3h,VTU,65.98
NETWORK,2026-03,Số PA phát sinh trong tháng,VCC HCM,30039.0
NETWORK,2026-03,XLCS 10h,BDG,97.74
NETWORK,2026-03,XLCS 10h,VCC HCM,97.0
NETWORK,2026-03,XLCS 10h,VTU,95.57
NETWORK,2026-03,XLCS 24h,BDG,100.0
NETWORK,2026-03,XLCS 24h,VCC HCM,99.9
NETWORK,2026-03,XLCS 24h,VTU,99.84
NETWORK,2026-03,XLCS 3h,BDG,75.35
NETWORK,2026-03,XLCS 3h,VCC HCM,72.2
NETWORK,2026-03,XLCS 3h,VTU,65.19
NETWORK,2026-04,Số PA phát sinh trong tháng,VCC HCM,23932.0
NETWORK,2026-04,XLCS 10h,BDG,97.6
NETWORK,2026-04,XLCS 10h,VCC HCM,97.0
NETWORK,2026-04,XLCS 10h,VTU,95.74
NETWORK,2026-04,XLCS 24h,BDG,99.75
NETWORK,2026-04,XLCS 24h,VCC HCM,99.5
NETWORK,2026-04,XLCS 24h,VTU,99.05
NETWORK,2026-04,XLCS 3h,BDG,77.69
NETWORK,2026-04,XLCS 3h,VCC HCM,75.3
NETWORK,2026-04,XLCS 3h,VTU,69.68
NETWORK,2026-05,XLCS 10h,BDG,97.57
NETWORK,2026-05,XLCS 10h,VCC HCM,97.0
NETWORK,2026-05,XLCS 10h,VTU,96.46
NETWORK,2026-05,XLCS 24h,BDG,99.84
NETWORK,2026-05,XLCS 24h,VCC HCM,99.8
NETWORK,2026-05,XLCS 24h,VTU,99.78
NETWORK,2026-05,XLCS 3h,BDG,78.91
NETWORK,2026-05,XLCS 3h,VCC HCM,76.7
NETWORK,2026-05,XLCS 3h,VTU,70.46
NETWORK,2026-06,XLCS 10h,BDG,98.0
NETWORK,2026-06,XLCS 10h,VCC HCM,97.0
NETWORK,2026-06,XLCS 10h,VTU,97.3
NETWORK,2026-06,XLCS 24h,BDG,97.7
NETWORK,2026-06,XLCS 24h,VCC HCM,99.9
NETWORK,2026-06,XLCS 24h,VTU,99.1
NETWORK,2026-06,XLCS 3h,BDG,76.4
NETWORK,2026-06,XLCS 3h,VCC HCM,75.3
NETWORK,2026-06,XLCS 3h,VTU,68.8
NETWORK,2026-07,XLCS 10h,BDG,97.4
NETWORK,2026-07,XLCS 10h,VCC HCM,96.9
NETWORK,2026-07,XLCS 10h,VTU,96.1
NETWORK,2026-07,XLCS 24h,BDG,99.0
NETWORK,2026-07,XLCS 24h,VCC HCM,99.8
NETWORK,2026-07,XLCS 24h,VTU,98.4
NETWORK,2026-07,XLCS 3h,BDG,75.2
NETWORK,2026-07,XLCS 3h,VCC HCM,73.8
NETWORK,2026-07,XLCS 3h,VTU,68.5
NETWORK,2026-08,XLCS 10h,BDG,97.5
NETWORK,2026-08,XLCS 10h,VCC HCM,97.4
NETWORK,2026-08,XLCS 10h,VTU,97.1
NETWORK,2026-08,XLCS 24h,BDG,99.4
NETWORK,2026-08,XLCS 24h,VCC HCM,99.6
NETWORK,2026-08,XLCS 24h,VTU,99.01
NETWORK,2026-08,XLCS 3h,BDG,74.1
NETWORK,2026-08,XLCS 3h,VCC HCM,72.8
NETWORK,2026-08,XLCS 3h,VTU,69.5
NETWORK_TARGET,2026-01,XLCS 10h,BDG,81.0
NETWORK_TARGET,2026-01,XLCS 10h,VCC HCM,81.0
NETWORK_TARGET,2026-01,XLCS 10h,VTU,81.0
NETWORK_TARGET,2026-01,XLCS 24h,BDG,100.0
NETWORK_TARGET,2026-01,XLCS 24h,VCC HCM,100.0
NETWORK_TARGET,2026-01,XLCS 24h,VTU,100.0
NETWORK_TARGET,2026-01,XLCS 3h,BDG,62.0
NETWORK_TARGET,2026-01,XLCS 3h,VCC HCM,62.0
NETWORK_TARGET,2026-01,XLCS 3h,VTU,62.0
NETWORK_TARGET,2026-02,XLCS 10h,BDG,81.0
NETWORK_TARGET,2026-02,XLCS 10h,VCC HCM,81.0
NETWORK_TARGET,2026-02,XLCS 10h,VTU,81.0
NETWORK_TARGET,2026-02,XLCS 24h,BDG,100.0
NETWORK_TARGET,2026-02,XLCS 24h,VCC HCM,100.0
NETWORK_TARGET,2026-02,XLCS 24h,VTU,100.0
NETWORK_TARGET,2026-02,XLCS 3h,BDG,62.0
NETWORK_TARGET,2026-02,XLCS 3h,VCC HCM,62.0
NETWORK_TARGET,2026-02,XLCS 3h,VTU,62.0
NETWORK_TARGET,2026-03,XLCS 10h,BDG,81.0
NETWORK_TARGET,2026-03,XLCS 10h,VCC HCM,81.0
NETWORK_TARGET,2026-03,XLCS 10h,VTU,81.0
NETWORK_TARGET,2026-03,XLCS 24h,BDG,100.0
NETWORK_TARGET,2026-03,XLCS 24h,VCC HCM,100.0
NETWORK_TARGET,2026-03,XLCS 24h,VTU,100.0
NETWORK_TARGET,2026-03,XLCS 3h,BDG,62.0
NETWORK_TARGET,2026-03,XLCS 3h,VCC HCM,62.0
NETWORK_TARGET,2026-03,XLCS 3h,VTU,62.0
NETWORK_TARGET,2026-04,XLCS 10h,BDG,81.0
NETWORK_TARGET,2026-04,XLCS 10h,VCC HCM,81.0
NETWORK_TARGET,2026-04,XLCS 10h,VTU,81.0
NETWORK_TARGET,2026-04,XLCS 24h,BDG,100.0
NETWORK_TARGET,2026-04,XLCS 24h,VCC HCM,100.0
NETWORK_TARGET,2026-04,XLCS 24h,VTU,100.0
NETWORK_TARGET,2026-04,XLCS 3h,BDG,62.0
NETWORK_TARGET,2026-04,XLCS 3h,VCC HCM,62.0
NETWORK_TARGET,2026-04,XLCS 3h,VTU,62.0
NETWORK_TARGET,2026-05,XLCS 10h,BDG,81.0
NETWORK_TARGET,2026-05,XLCS 10h,VCC HCM,81.0
NETWORK_TARGET,2026-05,XLCS 10h,VTU,81.0
NETWORK_TARGET,2026-05,XLCS 24h,BDG,100.0
NETWORK_TARGET,2026-05,XLCS 24h,VCC HCM,100.0
NETWORK_TARGET,2026-05,XLCS 24h,VTU,100.0
NETWORK_TARGET,2026-05,XLCS 3h,BDG,62.0
NETWORK_TARGET,2026-05,XLCS 3h,VCC HCM,62.0
NETWORK_TARGET,2026-05,XLCS 3h,VTU,62.0
NETWORK_TARGET,2026-06,XLCS 10h,BDG,81.0
NETWORK_TARGET,2026-06,XLCS 10h,VCC HCM,81.0
NETWORK_TARGET,2026-06,XLCS 10h,VTU,81.0
NETWORK_TARGET,2026-06,XLCS 24h,BDG,100.0
NETWORK_TARGET,2026-06,XLCS 24h,VCC HCM,100.0
NETWORK_TARGET,2026-06,XLCS 24h,VTU,100.0
NETWORK_TARGET,2026-06,XLCS 3h,BDG,62.0
NETWORK_TARGET,2026-06,XLCS 3h,VCC HCM,62.0
NETWORK_TARGET,2026-06,XLCS 3h,VTU,62.0
NETWORK_TARGET,2026-07,XLCS 10h,BDG,81.0
NETWORK_TARGET,2026-07,XLCS 10h,VCC HCM,81.0
NETWORK_TARGET,2026-07,XLCS 10h,VTU,81.0
NETWORK_TARGET,2026-07,XLCS 24h,BDG,100.0
NETWORK_TARGET,2026-07,XLCS 24h,VCC HCM,100.0
NETWORK_TARGET,2026-07,XLCS 24h,VTU,100.0
NETWORK_TARGET,2026-07,XLCS 3h,BDG,62.0
NETWORK_TARGET,2026-07,XLCS 3h,VCC HCM,62.0
NETWORK_TARGET,2026-07,XLCS 3h,VTU,62.0
NETWORK_TARGET,2026-08,XLCS 10h,BDG,81.0
NETWORK_TARGET,2026-08,XLCS 10h,VCC HCM,81.0
NETWORK_TARGET,2026-08,XLCS 10h,VTU,81.0
NETWORK_TARGET,2026-08,XLCS 24h,BDG,100.0
NETWORK_TARGET,2026-08,XLCS 24h,VCC HCM,100.0
NETWORK_TARGET,2026-08,XLCS 24h,VTU,100.0
NETWORK_TARGET,2026-08,XLCS 3h,BDG,62.0
NETWORK_TARGET,2026-08,XLCS 3h,VCC HCM,62.0
NETWORK_TARGET,2026-08,XLCS 3h,VTU,62.0
OUTPUT,2025-01,Cell*h tổng,BDG,29.54
OUTPUT,2025-01,Cell*h tổng,VTU,9.04
OUTPUT,2025-01,GĐTT trạm thường,BDG,23.28
OUTPUT,2025-01,GĐTT trạm thường,VTU,7.05
OUTPUT,2025-01,GĐTT trạm ưu tiên,BDG,6.26
OUTPUT,2025-01,GĐTT trạm ưu tiên,VTU,2.0
OUTPUT,2025-02,Cell*h tổng,BDG,49.07
OUTPUT,2025-02,Cell*h tổng,VTU,9.37
OUTPUT,2025-02,GĐTT trạm thường,BDG,42.88
OUTPUT,2025-02,GĐTT trạm thường,VTU,8.16
OUTPUT,2025-02,GĐTT trạm ưu tiên,BDG,6.19
OUTPUT,2025-02,GĐTT trạm ưu tiên,VTU,1.22
OUTPUT,2025-03,Cell*h tổng,BDG,38.61
OUTPUT,2025-03,Cell*h tổng,VTU,17.12
OUTPUT,2025-03,GĐTT trạm thường,BDG,31.55
OUTPUT,2025-03,GĐTT trạm thường,VTU,13.72
OUTPUT,2025-03,GĐTT trạm ưu tiên,BDG,7.06
OUTPUT,2025-03,GĐTT trạm ưu tiên,VTU,3.4
OUTPUT,2025-04,Cell*h tổng,BDG,71.78
OUTPUT,2025-04,Cell*h tổng,VTU,12.94
OUTPUT,2025-04,GĐTT trạm thường,BDG,58.35
OUTPUT,2025-04,GĐTT trạm thường,VTU,11.29
OUTPUT,2025-04,GĐTT trạm ưu tiên,BDG,13.43
OUTPUT,2025-04,GĐTT trạm ưu tiên,VTU,1.64
OUTPUT,2025-05,Cell*h tổng,BDG,82.78
OUTPUT,2025-05,Cell*h tổng,VTU,27.84
OUTPUT,2025-05,GĐTT trạm thường,BDG,70.81
OUTPUT,2025-05,GĐTT trạm thường,VTU,23.15
OUTPUT,2025-05,GĐTT trạm ưu tiên,BDG,11.98
OUTPUT,2025-05,GĐTT trạm ưu tiên,VTU,4.69
OUTPUT,2025-06,Cell*h tổng,BDG,73.31
OUTPUT,2025-06,Cell*h tổng,VTU,26.88
OUTPUT,2025-06,GĐTT trạm thường,BDG,60.1
OUTPUT,2025-06,GĐTT trạm thường,VTU,21.25
OUTPUT,2025-06,GĐTT trạm ưu tiên,BDG,13.21
OUTPUT,2025-06,GĐTT trạm ưu tiên,VTU,5.63
OUTPUT,2025-07,Cell*h tổng,BDG,51.43
OUTPUT,2025-07,Cell*h tổng,VTU,18.81
OUTPUT,2025-07,GĐTT trạm thường,BDG,43.46
OUTPUT,2025-07,GĐTT trạm thường,VTU,16.14
OUTPUT,2025-07,GĐTT trạm ưu tiên,BDG,7.96
OUTPUT,2025-07,GĐTT trạm ưu tiên,VTU,2.67
OUTPUT,2025-08,Cell*h tổng,BDG,50.63
OUTPUT,2025-08,Cell*h tổng,VTU,13.8
OUTPUT,2025-08,GĐTT trạm thường,BDG,45.01
OUTPUT,2025-08,GĐTT trạm thường,VTU,11.6
OUTPUT,2025-08,GĐTT trạm ưu tiên,BDG,5.62
OUTPUT,2025-08,GĐTT trạm ưu tiên,VTU,2.2
OUTPUT,2025-09,Cell*h tổng,BDG,48.72
OUTPUT,2025-09,Cell*h tổng,VTU,7.84
OUTPUT,2025-09,GĐTT trạm thường,BDG,38.75
OUTPUT,2025-09,GĐTT trạm thường,VTU,6.83
OUTPUT,2025-09,GĐTT trạm ưu tiên,BDG,9.97
OUTPUT,2025-09,GĐTT trạm ưu tiên,VTU,1.01
OUTPUT,2025-10,Cell*h tổng,BDG,34.32
OUTPUT,2025-10,Cell*h tổng,VTU,10.5
OUTPUT,2025-10,GĐTT trạm thường,BDG,31.6
OUTPUT,2025-10,GĐTT trạm thường,VTU,8.89
OUTPUT,2025-10,GĐTT trạm ưu tiên,BDG,2.72
OUTPUT,2025-10,GĐTT trạm ưu tiên,VTU,1.61
OUTPUT,2025-11,Cell*h tổng,BDG,38.94
OUTPUT,2025-11,Cell*h tổng,VTU,10.94
OUTPUT,2025-11,GĐTT trạm thường,BDG,31.81
OUTPUT,2025-11,GĐTT trạm thường,VTU,9.68
OUTPUT,2025-11,GĐTT trạm ưu tiên,BDG,7.13
OUTPUT,2025-11,GĐTT trạm ưu tiên,VTU,1.27
OUTPUT,2025-12,Cell*h tổng,BDG,36.22
OUTPUT,2025-12,Cell*h tổng,VTU,15.06
OUTPUT,2025-12,GĐTT trạm thường,BDG,30.0
OUTPUT,2025-12,GĐTT trạm thường,VTU,13.14
OUTPUT,2025-12,GĐTT trạm ưu tiên,BDG,6.23
OUTPUT,2025-12,GĐTT trạm ưu tiên,VTU,1.93
OUTPUT,2026-01,Cell*h tổng,BDG,40.05
OUTPUT,2026-01,Cell*h tổng,VCC HCM,48.47
OUTPUT,2026-01,Cell*h tổng,VTU,8.42
OUTPUT,2026-01,GĐTT trạm thường,BDG,33.09
OUTPUT,2026-01,GĐTT trạm thường,VTU,5.67
OUTPUT,2026-01,GĐTT trạm ưu tiên,BDG,6.96
OUTPUT,2026-01,GĐTT trạm ưu tiên,VTU,2.74
OUTPUT,2026-02,Cell*h tổng,BDG,16.42
OUTPUT,2026-02,Cell*h tổng,VCC HCM,27.57
OUTPUT,2026-02,Cell*h tổng,VTU,11.15
OUTPUT,2026-02,GĐTT trạm thường,BDG,12.99
OUTPUT,2026-02,GĐTT trạm thường,VTU,9.0
OUTPUT,2026-02,GĐTT trạm ưu tiên,BDG,3.43
OUTPUT,2026-02,GĐTT trạm ưu tiên,VTU,2.16
OUTPUT,2026-03,Cell*h tổng,BDG,39.95
OUTPUT,2026-03,Cell*h tổng,VCC HCM,54.71
OUTPUT,2026-03,Cell*h tổng,VTU,14.76
OUTPUT,2026-03,GĐTT trạm thường,BDG,32.29
OUTPUT,2026-03,GĐTT trạm thường,VTU,12.9
OUTPUT,2026-03,GĐTT trạm ưu tiên,BDG,7.66
OUTPUT,2026-03,GĐTT trạm ưu tiên,VTU,1.86
OUTPUT,2026-04,Cell*h tổng,BDG,40.23
OUTPUT,2026-04,Cell*h tổng,VCC HCM,54.23
OUTPUT,2026-04,Cell*h tổng,VTU,14.0
OUTPUT,2026-04,GĐTT trạm thường,BDG,31.44
OUTPUT,2026-04,GĐTT trạm thường,VTU,11.31
OUTPUT,2026-04,GĐTT trạm ưu tiên,BDG,8.79
OUTPUT,2026-04,GĐTT trạm ưu tiên,VTU,2.69
OUTPUT,2026-05,Cell*h tổng,BDG,76.04
OUTPUT,2026-05,Cell*h tổng,VCC HCM,92.09
OUTPUT,2026-05,Cell*h tổng,VTU,16.05
OUTPUT,2026-05,GĐTT trạm thường,BDG,63.16
OUTPUT,2026-05,GĐTT trạm thường,VTU,12.64
OUTPUT,2026-05,GĐTT trạm ưu tiên,BDG,12.88
OUTPUT,2026-05,GĐTT trạm ưu tiên,VTU,3.4
OUTPUT,2026-06,Cell*h tổng,BDG,95.15
OUTPUT,2026-06,Cell*h tổng,VCC HCM,125.06
OUTPUT,2026-06,Cell*h tổng,VTU,29.91
OUTPUT,2026-06,GĐTT trạm thường,BDG,75.45
OUTPUT,2026-06,GĐTT trạm thường,VTU,21.55
OUTPUT,2026-06,GĐTT trạm ưu tiên,BDG,19.7
OUTPUT,2026-06,GĐTT trạm ưu tiên,VTU,8.36
OUTPUT,2026-07,Cell*h tổng,BDG,60.4
OUTPUT,2026-07,Cell*h tổng,VCC HCM,83.86
OUTPUT,2026-07,Cell*h tổng,VTU,23.46
OUTPUT,2026-07,GĐTT trạm thường,BDG,49.31
OUTPUT,2026-07,GĐTT trạm thường,VTU,20.32
OUTPUT,2026-07,GĐTT trạm ưu tiên,BDG,11.09
OUTPUT,2026-07,GĐTT trạm ưu tiên,VTU,3.15
OUTPUT,2026-08,Cell*h tổng,BDG,58.6
OUTPUT,2026-08,Cell*h tổng,VCC HCM,69.4
OUTPUT,2026-08,Cell*h tổng,VTU,10.8
OUTPUT_TARGET,2025-01,Cell*h tổng,BDG,57.8
OUTPUT_TARGET,2025-01,Cell*h tổng,VTU,13.36
OUTPUT_TARGET,2025-01,GĐTT trạm thường,BDG,41.72
OUTPUT_TARGET,2025-01,GĐTT trạm thường,VTU,7.9
OUTPUT_TARGET,2025-01,GĐTT trạm ưu tiên,BDG,16.09
OUTPUT_TARGET,2025-01,GĐTT trạm ưu tiên,VTU,5.46
OUTPUT_TARGET,2025-02,Cell*h tổng,BDG,60.7
OUTPUT_TARGET,2025-02,Cell*h tổng,VTU,14.88
OUTPUT_TARGET,2025-02,GĐTT trạm thường,BDG,38.15
OUTPUT_TARGET,2025-02,GĐTT trạm thường,VTU,7.34
OUTPUT_TARGET,2025-02,GĐTT trạm ưu tiên,BDG,22.55
OUTPUT_TARGET,2025-02,GĐTT trạm ưu tiên,VTU,7.55
OUTPUT_TARGET,2025-03,Cell*h tổng,BDG,56.2
OUTPUT_TARGET,2025-03,Cell*h tổng,VTU,25.46
OUTPUT_TARGET,2025-03,GĐTT trạm thường,BDG,33.31
OUTPUT_TARGET,2025-03,GĐTT trạm thường,VTU,16.66
OUTPUT_TARGET,2025-03,GĐTT trạm ưu tiên,BDG,22.89
OUTPUT_TARGET,2025-03,GĐTT trạm ưu tiên,VTU,8.8
OUTPUT_TARGET,2025-04,Cell*h tổng,BDG,74.84
OUTPUT_TARGET,2025-04,Cell*h tổng,VTU,36.23
OUTPUT_TARGET,2025-04,GĐTT trạm thường,BDG,46.9
OUTPUT_TARGET,2025-04,GĐTT trạm thường,VTU,24.76
OUTPUT_TARGET,2025-04,GĐTT trạm ưu tiên,BDG,27.94
OUTPUT_TARGET,2025-04,GĐTT trạm ưu tiên,VTU,11.46
OUTPUT_TARGET,2025-05,Cell*h tổng,BDG,108.49
OUTPUT_TARGET,2025-05,Cell*h tổng,VTU,44.96
OUTPUT_TARGET,2025-05,GĐTT trạm thường,BDG,77.41
OUTPUT_TARGET,2025-05,GĐTT trạm thường,VTU,33.24
OUTPUT_TARGET,2025-05,GĐTT trạm ưu tiên,BDG,31.08
OUTPUT_TARGET,2025-05,GĐTT trạm ưu tiên,VTU,11.71
OUTPUT_TARGET,2025-06,Cell*h tổng,BDG,105.43
OUTPUT_TARGET,2025-06,Cell*h tổng,VTU,42.3
OUTPUT_TARGET,2025-06,GĐTT trạm thường,BDG,69.1
OUTPUT_TARGET,2025-06,GĐTT trạm thường,VTU,31.97
OUTPUT_TARGET,2025-06,GĐTT trạm ưu tiên,BDG,36.34
OUTPUT_TARGET,2025-06,GĐTT trạm ưu tiên,VTU,10.33
OUTPUT_TARGET,2025-07,Cell*h tổng,BDG,96.92
OUTPUT_TARGET,2025-07,Cell*h tổng,VTU,39.02
OUTPUT_TARGET,2025-07,GĐTT trạm thường,BDG,71.06
OUTPUT_TARGET,2025-07,GĐTT trạm thường,VTU,29.54
OUTPUT_TARGET,2025-07,GĐTT trạm ưu tiên,BDG,25.86
OUTPUT_TARGET,2025-07,GĐTT trạm ưu tiên,VTU,9.48
OUTPUT_TARGET,2025-08,Cell*h tổng,BDG,91.51
OUTPUT_TARGET,2025-08,Cell*h tổng,VTU,34.66
OUTPUT_TARGET,2025-08,GĐTT trạm thường,BDG,68.4
OUTPUT_TARGET,2025-08,GĐTT trạm thường,VTU,24.96
OUTPUT_TARGET,2025-08,GĐTT trạm ưu tiên,BDG,23.11
OUTPUT_TARGET,2025-08,GĐTT trạm ưu tiên,VTU,9.7
OUTPUT_TARGET,2025-09,Cell*h tổng,BDG,78.72
OUTPUT_TARGET,2025-09,Cell*h tổng,VTU,31.63
OUTPUT_TARGET,2025-09,GĐTT trạm thường,BDG,59.41
OUTPUT_TARGET,2025-09,GĐTT trạm thường,VTU,22.4
OUTPUT_TARGET,2025-09,GĐTT trạm ưu tiên,BDG,19.31
OUTPUT_TARGET,2025-09,GĐTT trạm ưu tiên,VTU,9.23
OUTPUT_TARGET,2025-10,Cell*h tổng,BDG,92.95
OUTPUT_TARGET,2025-10,Cell*h tổng,VTU,34.88
OUTPUT_TARGET,2025-10,GĐTT trạm thường,BDG,77.05
OUTPUT_TARGET,2025-10,GĐTT trạm thường,VTU,27.12
OUTPUT_TARGET,2025-10,GĐTT trạm ưu tiên,BDG,15.89
OUTPUT_TARGET,2025-10,GĐTT trạm ưu tiên,VTU,7.76
OUTPUT_TARGET,2025-11,Cell*h tổng,BDG,73.56
OUTPUT_TARGET,2025-11,Cell*h tổng,VTU,35.2
OUTPUT_TARGET,2025-11,GĐTT trạm thường,BDG,55.48
OUTPUT_TARGET,2025-11,GĐTT trạm thường,VTU,26.29
OUTPUT_TARGET,2025-11,GĐTT trạm ưu tiên,BDG,18.08
OUTPUT_TARGET,2025-11,GĐTT trạm ưu tiên,VTU,8.91
OUTPUT_TARGET,2025-12,Cell*h tổng,BDG,72.33
OUTPUT_TARGET,2025-12,Cell*h tổng,VTU,35.48
OUTPUT_TARGET,2025-12,GĐTT trạm thường,BDG,53.28
OUTPUT_TARGET,2025-12,GĐTT trạm thường,VTU,27.08
OUTPUT_TARGET,2025-12,GĐTT trạm ưu tiên,BDG,19.05
OUTPUT_TARGET,2025-12,GĐTT trạm ưu tiên,VTU,8.4
OUTPUT_TARGET,2026-01,Cell*h tổng,BDG,62.81
OUTPUT_TARGET,2026-01,Cell*h tổng,VCC HCM,79.27
OUTPUT_TARGET,2026-01,Cell*h tổng,VTU,16.46
OUTPUT_TARGET,2026-01,GĐTT trạm thường,BDG,44.54
OUTPUT_TARGET,2026-01,GĐTT trạm thường,VTU,9.45
OUTPUT_TARGET,2026-01,GĐTT trạm ưu tiên,BDG,18.27
OUTPUT_TARGET,2026-01,GĐTT trạm ưu tiên,VTU,7.01
OUTPUT_TARGET,2026-02,Cell*h tổng,BDG,67.86
OUTPUT_TARGET,2026-02,Cell*h tổng,VCC HCM,86.42
OUTPUT_TARGET,2026-02,Cell*h tổng,VTU,18.56
OUTPUT_TARGET,2026-02,GĐTT trạm thường,BDG,42.85
OUTPUT_TARGET,2026-02,GĐTT trạm thường,VTU,9.18
OUTPUT_TARGET,2026-02,GĐTT trạm ưu tiên,BDG,25.01
OUTPUT_TARGET,2026-02,GĐTT trạm ưu tiên,VTU,9.38
OUTPUT_TARGET,2026-03,Cell*h tổng,BDG,61.52
OUTPUT_TARGET,2026-03,Cell*h tổng,VCC HCM,91.34
OUTPUT_TARGET,2026-03,Cell*h tổng,VTU,29.82
OUTPUT_TARGET,2026-03,GĐTT trạm thường,BDG,36.57
OUTPUT_TARGET,2026-03,GĐTT trạm thường,VTU,19.63
OUTPUT_TARGET,2026-03,GĐTT trạm ưu tiên,BDG,24.94
OUTPUT_TARGET,2026-03,GĐTT trạm ưu tiên,VTU,10.18
OUTPUT_TARGET,2026-04,Cell*h tổng,BDG,81.62
OUTPUT_TARGET,2026-04,Cell*h tổng,VCC HCM,122.81
OUTPUT_TARGET,2026-04,Cell*h tổng,VTU,41.19
OUTPUT_TARGET,2026-04,GĐTT trạm thường,BDG,51.12
OUTPUT_TARGET,2026-04,GĐTT trạm thường,VTU,28.61
OUTPUT_TARGET,2026-04,GĐTT trạm ưu tiên,BDG,30.51
OUTPUT_TARGET,2026-04,GĐTT trạm ưu tiên,VTU,12.58
OUTPUT_TARGET,2026-05,Cell*h tổng,BDG,115.62
OUTPUT_TARGET,2026-05,Cell*h tổng,VCC HCM,166.38
OUTPUT_TARGET,2026-05,Cell*h tổng,VTU,50.76
OUTPUT_TARGET,2026-05,GĐTT trạm thường,BDG,86.65
OUTPUT_TARGET,2026-05,GĐTT trạm thường,VTU,39.3
OUTPUT_TARGET,2026-05,GĐTT trạm ưu tiên,BDG,28.96
OUTPUT_TARGET,2026-05,GĐTT trạm ưu tiên,VTU,11.46
OUTPUT_TARGET,2026-06,Cell*h tổng,BDG,121.39
OUTPUT_TARGET,2026-06,Cell*h tổng,VCC HCM,174.33
OUTPUT_TARGET,2026-06,Cell*h tổng,VTU,52.94
OUTPUT_TARGET,2026-06,GĐTT trạm thường,BDG,78.59
OUTPUT_TARGET,2026-06,GĐTT trạm thường,VTU,39.84
OUTPUT_TARGET,2026-06,GĐTT trạm ưu tiên,BDG,42.8
OUTPUT_TARGET,2026-06,GĐTT trạm ưu tiên,VTU,13.1
OUTPUT_TARGET,2026-07,Cell*h tổng,BDG,112.8
OUTPUT_TARGET,2026-07,Cell*h tổng,VCC HCM,160.09
OUTPUT_TARGET,2026-07,Cell*h tổng,VTU,47.29
OUTPUT_TARGET,2026-07,GĐTT trạm thường,BDG,83.14
OUTPUT_TARGET,2026-07,GĐTT trạm thường,VTU,36.15
OUTPUT_TARGET,2026-07,GĐTT trạm ưu tiên,BDG,29.65
OUTPUT_TARGET,2026-07,GĐTT trạm ưu tiên,VTU,11.14
OUTPUT_TARGET,2026-08,Cell*h tổng,BDG,105.5
OUTPUT_TARGET,2026-08,Cell*h tổng,VCC HCM,153.3
OUTPUT_TARGET,2026-08,Cell*h tổng,VTU,47.8
PAKH,2025-01,Số sự cố truyền dẫn,BDG,27.0
PAKH,2025-01,Số sự cố truyền dẫn,VTU,9.0
PAKH,2025-02,Số sự cố truyền dẫn,BDG,24.0
PAKH,2025-02,Số sự cố truyền dẫn,VTU,10.0
PAKH,2025-03,Số sự cố truyền dẫn,BDG,30.0
PAKH,2025-03,Số sự cố truyền dẫn,VTU,30.0
PAKH,2025-04,Số sự cố truyền dẫn,BDG,47.0
PAKH,2025-04,Số sự cố truyền dẫn,VTU,34.0
PAKH,2025-05,Số sự cố truyền dẫn,BDG,43.0
PAKH,2025-05,Số sự cố truyền dẫn,VTU,44.0
PAKH,2025-06,Số sự cố truyền dẫn,BDG,37.0
PAKH,2025-06,Số sự cố truyền dẫn,VTU,24.0
PAKH,2025-07,Số sự cố truyền dẫn,BDG,40.0
PAKH,2025-07,Số sự cố truyền dẫn,VTU,17.0
PAKH,2025-08,Số sự cố truyền dẫn,BDG,27.0
PAKH,2025-08,Số sự cố truyền dẫn,VTU,27.0
PAKH,2025-09,Số sự cố truyền dẫn,BDG,43.0
PAKH,2025-09,Số sự cố truyền dẫn,VTU,18.0
PAKH,2025-10,Số sự cố truyền dẫn,BDG,24.0
PAKH,2025-10,Số sự cố truyền dẫn,VTU,27.0
PAKH,2025-11,Số sự cố truyền dẫn,BDG,33.0
PAKH,2025-11,Số sự cố truyền dẫn,VTU,17.0
PAKH,2025-12,Số sự cố truyền dẫn,BDG,30.0
PAKH,2025-12,Số sự cố truyền dẫn,VTU,38.0
PAKH,2026-01,Số sự cố truyền dẫn,BDG,39.1
PAKH,2026-01,Số sự cố truyền dẫn,VCC HCM,61.0
PAKH,2026-01,Số sự cố truyền dẫn,VTU,21.8
PAKH,2026-02,Số sự cố truyền dẫn,BDG,35.1
PAKH,2026-02,Số sự cố truyền dẫn,VCC HCM,54.0
PAKH,2026-02,Số sự cố truyền dẫn,VTU,18.8
PAKH,2026-03,Số sự cố truyền dẫn,BDG,35.0
PAKH,2026-03,Số sự cố truyền dẫn,VCC HCM,54.0
PAKH,2026-03,Số sự cố truyền dẫn,VTU,19.0
PAKH,2026-04,Số sự cố truyền dẫn,BDG,47.0
PAKH,2026-04,Số sự cố truyền dẫn,VCC HCM,65.0
PAKH,2026-04,Số sự cố truyền dẫn,VTU,18.0
PAKH,2026-05,Số sự cố truyền dẫn,BDG,54.0
PAKH,2026-05,Số sự cố truyền dẫn,VCC HCM,70.0
PAKH,2026-05,Số sự cố truyền dẫn,VTU,16.0
PAKH,2026-06,Số sự cố truyền dẫn,BDG,45.0
PAKH,2026-06,Số sự cố truyền dẫn,VCC HCM,65.0
PAKH,2026-06,Số sự cố truyền dẫn,VTU,20.0
PAKH,2026-07,Số sự cố truyền dẫn,BDG,37.0
PAKH,2026-07,Số sự cố truyền dẫn,VCC HCM,68.0
PAKH,2026-07,Số sự cố truyền dẫn,VTU,31.0
PAKH,2026-08,Số sự cố truyền dẫn,BDG,57.0
PAKH,2026-08,Số sự cố truyền dẫn,VCC HCM,81.0
PAKH,2026-08,Số sự cố truyền dẫn,VTU,24.0
PAKH_TARGET,2025-01,Số sự cố truyền dẫn,BDG,25.0
PAKH_TARGET,2025-01,Số sự cố truyền dẫn,VTU,21.0
PAKH_TARGET,2025-02,Số sự cố truyền dẫn,BDG,24.0
PAKH_TARGET,2025-02,Số sự cố truyền dẫn,VTU,18.0
PAKH_TARGET,2025-03,Số sự cố truyền dẫn,BDG,34.0
PAKH_TARGET,2025-03,Số sự cố truyền dẫn,VTU,23.0
PAKH_TARGET,2025-04,Số sự cố truyền dẫn,BDG,39.0
PAKH_TARGET,2025-04,Số sự cố truyền dẫn,VTU,24.0
PAKH_TARGET,2025-05,Số sự cố truyền dẫn,BDG,38.0
PAKH_TARGET,2025-05,Số sự cố truyền dẫn,VTU,25.0
PAKH_TARGET,2025-06,Số sự cố truyền dẫn,BDG,36.0
PAKH_TARGET,2025-06,Số sự cố truyền dẫn,VTU,23.0
PAKH_TARGET,2025-07,Số sự cố truyền dẫn,BDG,33.0
PAKH_TARGET,2025-07,Số sự cố truyền dẫn,VTU,24.0
PAKH_TARGET,2025-08,Số sự cố truyền dẫn,BDG,34.0
PAKH_TARGET,2025-08,Số sự cố truyền dẫn,VTU,23.0
PAKH_TARGET,2025-09,Số sự cố truyền dẫn,BDG,33.0
PAKH_TARGET,2025-09,Số sự cố truyền dẫn,VTU,24.0
PAKH_TARGET,2025-10,Số sự cố truyền dẫn,BDG,30.0
PAKH_TARGET,2025-10,Số sự cố truyền dẫn,VTU,17.0
PAKH_TARGET,2025-11,Số sự cố truyền dẫn,BDG,31.0
PAKH_TARGET,2025-11,Số sự cố truyền dẫn,VTU,19.0
PAKH_TARGET,2025-12,Số sự cố truyền dẫn,BDG,30.0
PAKH_TARGET,2025-12,Số sự cố truyền dẫn,VTU,22.0
PAKH_TARGET,2026-01,Số sự cố truyền dẫn,BDG,25.2
PAKH_TARGET,2026-01,Số sự cố truyền dẫn,VCC HCM,56.0
PAKH_TARGET,2026-01,Số sự cố truyền dẫn,VTU,20.6
PAKH_TARGET,2026-02,Số sự cố truyền dẫn,BDG,27.9
PAKH_TARGET,2026-02,Số sự cố truyền dẫn,VCC HCM,56.0
PAKH_TARGET,2026-02,Số sự cố truyền dẫn,VTU,22.0
PAKH_TARGET,2026-03,Số sự cố truyền dẫn,BDG,33.9
PAKH_TARGET,2026-03,Số sự cố truyền dẫn,VCC HCM,56.0
PAKH_TARGET,2026-03,Số sự cố truyền dẫn,VTU,23.1
PAKH_TARGET,2026-04,Số sự cố truyền dẫn,BDG,38.5
PAKH_TARGET,2026-04,Số sự cố truyền dẫn,VCC HCM,56.0
PAKH_TARGET,2026-04,Số sự cố truyền dẫn,VTU,24.9
PAKH_TARGET,2026-05,Số sự cố truyền dẫn,BDG,38.4
PAKH_TARGET,2026-05,Số sự cố truyền dẫn,VCC HCM,56.0
PAKH_TARGET,2026-05,Số sự cố truyền dẫn,VTU,25.3
PAKH_TARGET,2026-06,Số sự cố truyền dẫn,BDG,37.0
PAKH_TARGET,2026-06,Số sự cố truyền dẫn,VCC HCM,56.0
PAKH_TARGET,2026-06,Số sự cố truyền dẫn,VTU,23.0
PAKH_TARGET,2026-07,Số sự cố truyền dẫn,BDG,38.0
PAKH_TARGET,2026-07,Số sự cố truyền dẫn,VCC HCM,56.0
PAKH_TARGET,2026-07,Số sự cố truyền dẫn,VTU,23.0
PAKH_TARGET,2026-08,Số sự cố truyền dẫn,BDG,38.0
PAKH_TARGET,2026-08,Số sự cố truyền dẫn,VCC HCM,56.0
PAKH_TARGET,2026-08,Số sự cố truyền dẫn,VTU,23.0
VHKT,2025-01,KPI TKM 10H,VCC HCM,98.2
VHKT,2025-01,KPI TKM 24H,VCC HCM,99.8
VHKT,2025-01,KPI TKM 3H,VCC HCM,67.9
VHKT,2025-01,Triển khai đã NT dây mới,VCC HCM,5759.0
VHKT,2025-01,Triển khai đã NT dây sẵn,VCC HCM,7165.0
VHKT,2025-01,Tổng triển khai đã NT,VCC HCM,12924.0
VHKT,2025-02,KPI TKM 10H,VCC HCM,99.0
VHKT,2025-02,KPI TKM 24H,VCC HCM,100.0
VHKT,2025-02,KPI TKM 3H,VCC HCM,71.3
VHKT,2025-02,Triển khai đã NT dây mới,VCC HCM,6631.0
VHKT,2025-02,Triển khai đã NT dây sẵn,VCC HCM,7008.0
VHKT,2025-02,Tổng triển khai đã NT,VCC HCM,13639.0
VHKT,2025-03,KPI TKM 10H,VCC HCM,99.3
VHKT,2025-03,KPI TKM 24H,VCC HCM,99.9
VHKT,2025-03,KPI TKM 3H,VCC HCM,72.9
VHKT,2025-03,Triển khai đã NT dây mới,VCC HCM,8073.0
VHKT,2025-03,Triển khai đã NT dây sẵn,VCC HCM,7530.0
VHKT,2025-03,Tổng triển khai đã NT,VCC HCM,15603.0
VHKT,2025-04,KPI TKM 10H,VCC HCM,99.4
VHKT,2025-04,KPI TKM 24H,VCC HCM,99.9
VHKT,2025-04,KPI TKM 3H,VCC HCM,75.2
VHKT,2025-04,Triển khai đã NT dây mới,VCC HCM,7287.0
VHKT,2025-04,Triển khai đã NT dây sẵn,VCC HCM,8788.0
VHKT,2025-04,Tổng triển khai đã NT,VCC HCM,16075.0
VHKT,2025-05,KPI TKM 10H,VCC HCM,98.9
VHKT,2025-05,KPI TKM 24H,VCC HCM,99.8
VHKT,2025-05,KPI TKM 3H,VCC HCM,73.4
VHKT,2025-05,Triển khai đã NT dây mới,VCC HCM,7376.0
VHKT,2025-05,Triển khai đã NT dây sẵn,VCC HCM,9356.0
VHKT,2025-05,Tổng triển khai đã NT,VCC HCM,16732.0
VHKT,2025-06,KPI TKM 10H,VCC HCM,98.8
VHKT,2025-06,KPI TKM 24H,VCC HCM,99.9
VHKT,2025-06,KPI TKM 3H,VCC HCM,74.1
VHKT,2025-06,Triển khai đã NT dây mới,VCC HCM,7718.0
VHKT,2025-06,Triển khai đã NT dây sẵn,VCC HCM,7886.0
VHKT,2025-06,Tổng triển khai đã NT,VCC HCM,15604.0
VHKT,2025-07,KPI TKM 10H,VCC HCM,98.9
VHKT,2025-07,KPI TKM 24H,VCC HCM,99.7
VHKT,2025-07,KPI TKM 3H,VCC HCM,74.0
VHKT,2025-07,Triển khai đã NT dây mới,VCC HCM,7755.0
VHKT,2025-07,Triển khai đã NT dây sẵn,VCC HCM,7488.0
VHKT,2025-07,Tổng triển khai đã NT,VCC HCM,15243.0
VHKT,2025-08,KPI TKM 10H,VCC HCM,99.2
VHKT,2025-08,KPI TKM 24H,VCC HCM,99.8
VHKT,2025-08,KPI TKM 3H,VCC HCM,75.1
VHKT,2025-08,Triển khai đã NT dây mới,VCC HCM,7520.0
VHKT,2025-08,Triển khai đã NT dây sẵn,VCC HCM,7517.0
VHKT,2025-08,Tổng triển khai đã NT,VCC HCM,15037.0
VHKT,2025-09,KPI TKM 10H,VCC HCM,98.9
VHKT,2025-09,KPI TKM 24H,VCC HCM,99.8
VHKT,2025-09,KPI TKM 3H,VCC HCM,73.3
VHKT,2025-09,Triển khai đã NT dây mới,VCC HCM,6589.0
VHKT,2025-09,Triển khai đã NT dây sẵn,VCC HCM,6771.0
VHKT,2025-09,Tổng triển khai đã NT,VCC HCM,13360.0
VHKT,2025-10,KPI TKM 10H,VCC HCM,99.1
VHKT,2025-10,KPI TKM 24H,VCC HCM,99.9
VHKT,2025-10,KPI TKM 3H,VCC HCM,71.7
VHKT,2025-10,Triển khai đã NT dây mới,VCC HCM,6886.0
VHKT,2025-10,Triển khai đã NT dây sẵn,VCC HCM,7099.0
VHKT,2025-10,Tổng triển khai đã NT,VCC HCM,13985.0
VHKT,2025-11,KPI TKM 10H,VCC HCM,98.1
VHKT,2025-11,KPI TKM 24H,VCC HCM,99.7
VHKT,2025-11,KPI TKM 3H,VCC HCM,71.7
VHKT,2025-11,Triển khai đã NT dây mới,VCC HCM,7064.0
VHKT,2025-11,Triển khai đã NT dây sẵn,VCC HCM,15979.0
VHKT,2025-11,Tổng triển khai đã NT,VCC HCM,23043.0
VHKT,2025-12,KPI TKM 10H,VCC HCM,97.7
VHKT,2025-12,KPI TKM 24H,VCC HCM,99.6
VHKT,2025-12,KPI TKM 3H,VCC HCM,72.6
VHKT,2025-12,Triển khai đã NT dây mới,VCC HCM,6995.0
VHKT,2025-12,Triển khai đã NT dây sẵn,VCC HCM,14629.0
VHKT,2025-12,Tổng triển khai đã NT,VCC HCM,21624.0
VHKT,2026-01,KPI TKM 10H,BDG,97.4
VHKT,2026-01,KPI TKM 10H,VCC HCM,97.3
VHKT,2026-01,KPI TKM 10H,VTU,96.73
VHKT,2026-01,KPI TKM 24H,BDG,99.87
VHKT,2026-01,KPI TKM 24H,VCC HCM,99.7
VHKT,2026-01,KPI TKM 24H,VTU,99.07
VHKT,2026-01,KPI TKM 3H,BDG,71.49
VHKT,2026-01,KPI TKM 3H,VCC HCM,69.7
VHKT,2026-01,KPI TKM 3H,VTU,67.9
VHKT,2026-01,Triển khai đã NT dây mới,VCC HCM,6582.0
VHKT,2026-01,Triển khai đã NT dây sẵn,VCC HCM,12167.0
VHKT,2026-01,Tổng triển khai đã NT,VCC HCM,18749.0
VHKT,2026-02,KPI TKM 10H,BDG,98.69
VHKT,2026-02,KPI TKM 10H,VCC HCM,98.5
VHKT,2026-02,KPI TKM 10H,VTU,96.58
VHKT,2026-02,KPI TKM 24H,BDG,99.91
VHKT,2026-02,KPI TKM 24H,VCC HCM,99.9
VHKT,2026-02,KPI TKM 24H,VTU,99.23
VHKT,2026-02,KPI TKM 3H,BDG,71.63
VHKT,2026-02,KPI TKM 3H,VCC HCM,68.5
VHKT,2026-02,KPI TKM 3H,VTU,60.88
VHKT,2026-02,Triển khai đã NT dây mới,VCC HCM,4425.0
VHKT,2026-02,Triển khai đã NT dây sẵn,VCC HCM,7034.0
VHKT,2026-02,Tổng triển khai đã NT,VCC HCM,11459.0
VHKT,2026-03,KPI TKM 10H,BDG,98.96
VHKT,2026-03,KPI TKM 10H,VCC HCM,98.6
VHKT,2026-03,KPI TKM 10H,VTU,96.25
VHKT,2026-03,KPI TKM 24H,BDG,99.89
VHKT,2026-03,KPI TKM 24H,VCC HCM,99.9
VHKT,2026-03,KPI TKM 24H,VTU,99.61
VHKT,2026-03,KPI TKM 3H,BDG,73.96
VHKT,2026-03,KPI TKM 3H,VCC HCM,70.0
VHKT,2026-03,KPI TKM 3H,VTU,58.03
VHKT,2026-03,Triển khai đã NT dây mới,VCC HCM,7273.0
VHKT,2026-03,Triển khai đã NT dây sẵn,VCC HCM,9325.0
VHKT,2026-03,Tổng triển khai đã NT,VCC HCM,16598.0
VHKT,2026-04,KPI TKM 10H,BDG,99.09
VHKT,2026-04,KPI TKM 10H,VCC HCM,98.8
VHKT,2026-04,KPI TKM 10H,VTU,96.08
VHKT,2026-04,KPI TKM 24H,BDG,99.84
VHKT,2026-04,KPI TKM 24H,VCC HCM,99.8
VHKT,2026-04,KPI TKM 24H,VTU,98.42
VHKT,2026-04,KPI TKM 3H,BDG,76.22
VHKT,2026-04,KPI TKM 3H,VCC HCM,71.9
VHKT,2026-04,KPI TKM 3H,VTU,60.46
VHKT,2026-04,Triển khai đã NT dây mới,VCC HCM,6016.0
VHKT,2026-04,Triển khai đã NT dây sẵn,VCC HCM,8334.0
VHKT,2026-04,Tổng triển khai đã NT,VCC HCM,14350.0
VHKT,2026-05,KPI TKM 10H,BDG,98.87
VHKT,2026-05,KPI TKM 10H,VCC HCM,98.4
VHKT,2026-05,KPI TKM 10H,VTU,87.95
VHKT,2026-05,KPI TKM 24H,BDG,99.66
VHKT,2026-05,KPI TKM 24H,VCC HCM,99.7
VHKT,2026-05,KPI TKM 24H,VTU,98.81
VHKT,2026-05,KPI TKM 3H,BDG,72.81
VHKT,2026-05,KPI TKM 3H,VCC HCM,69.2
VHKT,2026-05,KPI TKM 3H,VTU,54.02
VHKT,2026-05,Triển khai đã NT dây mới,VCC HCM,5929.0
VHKT,2026-05,Triển khai đã NT dây sẵn,VCC HCM,11371.0
VHKT,2026-05,Tổng triển khai đã NT,VCC HCM,17300.0
VHKT,2026-06,KPI TKM 10H,BDG,95.9
VHKT,2026-06,KPI TKM 10H,VCC HCM,98.2
VHKT,2026-06,KPI TKM 10H,VTU,94.1
VHKT,2026-06,KPI TKM 24H,BDG,99.6
VHKT,2026-06,KPI TKM 24H,VCC HCM,99.8
VHKT,2026-06,KPI TKM 24H,VTU,98.1
VHKT,2026-06,KPI TKM 3H,BDG,69.2
VHKT,2026-06,KPI TKM 3H,VCC HCM,65.3
VHKT,2026-06,KPI TKM 3H,VTU,54.7
VHKT,2026-07,KPI TKM 10H,BDG,98.0
VHKT,2026-07,KPI TKM 10H,VCC HCM,97.6
VHKT,2026-07,KPI TKM 10H,VTU,93.4
VHKT,2026-07,KPI TKM 24H,BDG,99.0
VHKT,2026-07,KPI TKM 24H,VCC HCM,99.5
VHKT,2026-07,KPI TKM 24H,VTU,96.9
VHKT,2026-07,KPI TKM 3H,BDG,70.3
VHKT,2026-07,KPI TKM 3H,VCC HCM,65.9
VHKT,2026-07,KPI TKM 3H,VTU,56.7
VHKT,2026-08,KPI TKM 10H,BDG,98.8
VHKT,2026-08,KPI TKM 10H,VCC HCM,98.0
VHKT,2026-08,KPI TKM 10H,VTU,95.6
VHKT,2026-08,KPI TKM 24H,BDG,99.4
VHKT,2026-08,KPI TKM 24H,VCC HCM,99.6
VHKT,2026-08,KPI TKM 24H,VTU,98.1
VHKT,2026-08,KPI TKM 3H,BDG,75.1
VHKT,2026-08,KPI TKM 3H,VCC HCM,71.7
VHKT,2026-08,KPI TKM 3H,VTU,65.2
VHKT_TARGET,2026-01,KPI TKM 10H,BDG,75.0
VHKT_TARGET,2026-01,KPI TKM 10H,VCC HCM,75.0
VHKT_TARGET,2026-01,KPI TKM 10H,VTU,75.0
VHKT_TARGET,2026-01,KPI TKM 24H,BDG,100.0
VHKT_TARGET,2026-01,KPI TKM 24H,VCC HCM,100.0
VHKT_TARGET,2026-01,KPI TKM 24H,VTU,100.0
VHKT_TARGET,2026-01,KPI TKM 3H,BDG,45.0
VHKT_TARGET,2026-01,KPI TKM 3H,VCC HCM,45.0
VHKT_TARGET,2026-01,KPI TKM 3H,VTU,45.0
VHKT_TARGET,2026-02,KPI TKM 10H,BDG,75.0
VHKT_TARGET,2026-02,KPI TKM 10H,VCC HCM,75.0
VHKT_TARGET,2026-02,KPI TKM 10H,VTU,75.0
VHKT_TARGET,2026-02,KPI TKM 24H,BDG,100.0
VHKT_TARGET,2026-02,KPI TKM 24H,VCC HCM,100.0
VHKT_TARGET,2026-02,KPI TKM 24H,VTU,100.0
VHKT_TARGET,2026-02,KPI TKM 3H,BDG,45.0
VHKT_TARGET,2026-02,KPI TKM 3H,VCC HCM,45.0
VHKT_TARGET,2026-02,KPI TKM 3H,VTU,45.0
VHKT_TARGET,2026-03,KPI TKM 10H,BDG,75.0
VHKT_TARGET,2026-03,KPI TKM 10H,VCC HCM,75.0
VHKT_TARGET,2026-03,KPI TKM 10H,VTU,75.0
VHKT_TARGET,2026-03,KPI TKM 24H,BDG,100.0
VHKT_TARGET,2026-03,KPI TKM 24H,VCC HCM,100.0
VHKT_TARGET,2026-03,KPI TKM 24H,VTU,100.0
VHKT_TARGET,2026-03,KPI TKM 3H,BDG,45.0
VHKT_TARGET,2026-03,KPI TKM 3H,VCC HCM,45.0
VHKT_TARGET,2026-03,KPI TKM 3H,VTU,45.0
VHKT_TARGET,2026-04,KPI TKM 10H,BDG,75.0
VHKT_TARGET,2026-04,KPI TKM 10H,VCC HCM,75.0
VHKT_TARGET,2026-04,KPI TKM 10H,VTU,75.0
VHKT_TARGET,2026-04,KPI TKM 24H,BDG,100.0
VHKT_TARGET,2026-04,KPI TKM 24H,VCC HCM,100.0
VHKT_TARGET,2026-04,KPI TKM 24H,VTU,100.0
VHKT_TARGET,2026-04,KPI TKM 3H,BDG,45.0
VHKT_TARGET,2026-04,KPI TKM 3H,VCC HCM,45.0
VHKT_TARGET,2026-04,KPI TKM 3H,VTU,45.0
VHKT_TARGET,2026-05,KPI TKM 10H,BDG,75.0
VHKT_TARGET,2026-05,KPI TKM 10H,VCC HCM,75.0
VHKT_TARGET,2026-05,KPI TKM 10H,VTU,75.0
VHKT_TARGET,2026-05,KPI TKM 24H,BDG,100.0
VHKT_TARGET,2026-05,KPI TKM 24H,VCC HCM,100.0
VHKT_TARGET,2026-05,KPI TKM 24H,VTU,100.0
VHKT_TARGET,2026-05,KPI TKM 3H,BDG,45.0
VHKT_TARGET,2026-05,KPI TKM 3H,VCC HCM,45.0
VHKT_TARGET,2026-05,KPI TKM 3H,VTU,45.0
VHKT_TARGET,2026-06,KPI TKM 10H,BDG,75.0
VHKT_TARGET,2026-06,KPI TKM 10H,VCC HCM,75.0
VHKT_TARGET,2026-06,KPI TKM 10H,VTU,75.0
VHKT_TARGET,2026-06,KPI TKM 24H,BDG,100.0
VHKT_TARGET,2026-06,KPI TKM 24H,VCC HCM,100.0
VHKT_TARGET,2026-06,KPI TKM 24H,VTU,100.0
VHKT_TARGET,2026-06,KPI TKM 3H,BDG,45.0
VHKT_TARGET,2026-06,KPI TKM 3H,VCC HCM,45.0
VHKT_TARGET,2026-06,KPI TKM 3H,VTU,45.0
VHKT_TARGET,2026-07,KPI TKM 10H,BDG,75.0
VHKT_TARGET,2026-07,KPI TKM 10H,VCC HCM,75.0
VHKT_TARGET,2026-07,KPI TKM 10H,VTU,75.0
VHKT_TARGET,2026-07,KPI TKM 24H,BDG,100.0
VHKT_TARGET,2026-07,KPI TKM 24H,VCC HCM,100.0
VHKT_TARGET,2026-07,KPI TKM 24H,VTU,100.0
VHKT_TARGET,2026-07,KPI TKM 3H,BDG,45.0
VHKT_TARGET,2026-07,KPI TKM 3H,VCC HCM,45.0
VHKT_TARGET,2026-07,KPI TKM 3H,VTU,45.0
VHKT_TARGET,2026-08,KPI TKM 10H,BDG,75.0
VHKT_TARGET,2026-08,KPI TKM 10H,VCC HCM,75.0
VHKT_TARGET,2026-08,KPI TKM 10H,VTU,75.0
VHKT_TARGET,2026-08,KPI TKM 24H,BDG,100.0
VHKT_TARGET,2026-08,KPI TKM 24H,VCC HCM,100.0
VHKT_TARGET,2026-08,KPI TKM 24H,VTU,100.0
VHKT_TARGET,2026-08,KPI TKM 3H,BDG,45.0
VHKT_TARGET,2026-08,KPI TKM 3H,VCC HCM,45.0
VHKT_TARGET,2026-08,KPI TKM 3H,VTU,45.0
WO,2025-01,Tỷ lệ rời mạng CĐBR,,1.2
WO,2025-02,Tỷ lệ rời mạng CĐBR,,0.92
WO,2025-03,Tỷ lệ rời mạng CĐBR,,0.88
WO,2025-04,Tỷ lệ rời mạng CĐBR,,0.77
WO,2025-05,Tỷ lệ rời mạng CĐBR,,0.8
WO,2025-06,Tỷ lệ rời mạng CĐBR,,0.74
WO,2025-07,Tỷ lệ rời mạng CĐBR,,0.74
WO,2026-01,Tỷ lệ rời mạng CĐBR,,1.0
WO,2026-02,Tỷ lệ rời mạng CĐBR,,0.95
WO,2026-03,Tỷ lệ rời mạng CĐBR,,0.89
WO,2026-04,Tỷ lệ rời mạng CĐBR,,0.94
WO,2026-05,Tỷ lệ rời mạng CĐBR,,0.92
WO,2026-06,Tỷ lệ rời mạng CĐBR,,0.88
WO,2026-07,Tỷ lệ rời mạng CĐBR,,0.83
WO_HUYEN_BD,2026-01,Số lượng rời mạng,Bàu Bàng,58.0
WO_HUYEN_BD,2026-01,Số lượng rời mạng,Bắc Tân Uyên,43.0
WO_HUYEN_BD,2026-01,Số lượng rời mạng,Bến Cát,249.0
WO_HUYEN_BD,2026-01,Số lượng rời mạng,TP Dĩ An,569.0
WO_HUYEN_BD,2026-01,Số lượng rời mạng,TP Thuận An,1189.0
WO_HUYEN_BD,2026-01,Số lượng rời mạng,TP Thủ Dầu Một,429.0
WO_HUYEN_BD,2026-01,Số lượng rời mạng,TP Thủ Dầu Một,350.0
WO_HUYEN_BD,2026-01,Số lượng rời mạng,TP Thủ Dầu Một,58.0
WO_HUYEN_BD,2026-01,Số lượng rời mạng,TP Thủ Dầu Một,88.0
WO_HUYEN_BD,2026-01,Tỷ lệ rời mạng,Bàu Bàng,0.55
WO_HUYEN_BD,2026-01,Tỷ lệ rời mạng,Bắc Tân Uyên,0.7
WO_HUYEN_BD,2026-01,Tỷ lệ rời mạng,Bến Cát,0.99
WO_HUYEN_BD,2026-01,Tỷ lệ rời mạng,TP Dĩ An,1.27
WO_HUYEN_BD,2026-01,Tỷ lệ rời mạng,TP Thuận An,1.79
WO_HUYEN_BD,2026-01,Tỷ lệ rời mạng,TP Thuận An,0.94
WO_HUYEN_BD,2026-01,Tỷ lệ rời mạng,TP Thuận An,0.48
WO_HUYEN_BD,2026-01,Tỷ lệ rời mạng,TP Thuận An,0.75
WO_HUYEN_BD,2026-01,Tỷ lệ rời mạng,TP Thủ Dầu Một,0.96
WO_HUYEN_BD,2026-02,Số lượng rời mạng,Bàu Bàng,60.0
WO_HUYEN_BD,2026-02,Số lượng rời mạng,Bắc Tân Uyên,42.0
WO_HUYEN_BD,2026-02,Số lượng rời mạng,Bến Cát,265.0
WO_HUYEN_BD,2026-02,Số lượng rời mạng,TP Dĩ An,532.0
WO_HUYEN_BD,2026-02,Số lượng rời mạng,TP Thuận An,935.0
WO_HUYEN_BD,2026-02,Số lượng rời mạng,TP Thủ Dầu Một,385.0
WO_HUYEN_BD,2026-02,Số lượng rời mạng,Tân Uyên,109.0
WO_HUYEN_BD,2026-02,Số lượng rời mạng,Tân Uyên,370.0
WO_HUYEN_BD,2026-02,Số lượng rời mạng,Tân Uyên,68.0
WO_HUYEN_BD,2026-02,Tỷ lệ rời mạng,Bàu Bàng,0.56
WO_HUYEN_BD,2026-02,Tỷ lệ rời mạng,Bắc Tân Uyên,0.68
WO_HUYEN_BD,2026-02,Tỷ lệ rời mạng,Bắc Tân Uyên,0.56
WO_HUYEN_BD,2026-02,Tỷ lệ rời mạng,Bắc Tân Uyên,0.93
WO_HUYEN_BD,2026-02,Tỷ lệ rời mạng,Bắc Tân Uyên,1.0
WO_HUYEN_BD,2026-02,Tỷ lệ rời mạng,Bến Cát,1.05
WO_HUYEN_BD,2026-02,Tỷ lệ rời mạng,TP Dĩ An,1.19
WO_HUYEN_BD,2026-02,Tỷ lệ rời mạng,TP Thuận An,1.41
WO_HUYEN_BD,2026-02,Tỷ lệ rời mạng,TP Thủ Dầu Một,0.86
WO_HUYEN_BD,2026-03,Số lượng rời mạng,Bàu Bàng,65.0
WO_HUYEN_BD,2026-03,Số lượng rời mạng,Bắc Tân Uyên,40.0
WO_HUYEN_BD,2026-03,Số lượng rời mạng,Bến Cát,220.0
WO_HUYEN_BD,2026-03,Số lượng rời mạng,TP Dĩ An,550.0
WO_HUYEN_BD,2026-03,Số lượng rời mạng,TP Thuận An,749.0
WO_HUYEN_BD,2026-03,Số lượng rời mạng,TP Thủ Dầu Một,448.0
WO_HUYEN_BD,2026-03,Số lượng rời mạng,TP Thủ Dầu Một,99.0
WO_HUYEN_BD,2026-03,Số lượng rời mạng,TP Thủ Dầu Một,64.0
WO_HUYEN_BD,2026-03,Số lượng rời mạng,TP Thủ Dầu Một,358.0
WO_HUYEN_BD,2026-03,Tỷ lệ rời mạng,Bàu Bàng,0.61
WO_HUYEN_BD,2026-03,Tỷ lệ rời mạng,Bắc Tân Uyên,0.65
WO_HUYEN_BD,2026-03,Tỷ lệ rời mạng,Bến Cát,0.88
WO_HUYEN_BD,2026-03,Tỷ lệ rời mạng,TP Dĩ An,1.23
WO_HUYEN_BD,2026-03,Tỷ lệ rời mạng,TP Thuận An,1.13
WO_HUYEN_BD,2026-03,Tỷ lệ rời mạng,TP Thủ Dầu Một,1.0
WO_HUYEN_BD,2026-03,Tỷ lệ rời mạng,Tân Uyên,0.96
WO_HUYEN_BD,2026-03,Tỷ lệ rời mạng,Tân Uyên,0.84
WO_HUYEN_BD,2026-03,Tỷ lệ rời mạng,Tân Uyên,0.53
WO_HUYEN_BD,2026-04,Số lượng rời mạng,Bàu Bàng,59.0
WO_HUYEN_BD,2026-04,Số lượng rời mạng,Bắc Tân Uyên,41.0
WO_HUYEN_BD,2026-04,Số lượng rời mạng,Bến Cát,258.0
WO_HUYEN_BD,2026-04,Số lượng rời mạng,Phú Giáo,88.0
WO_HUYEN_BD,2026-04,Số lượng rời mạng,Phú Giáo,358.0
WO_HUYEN_BD,2026-04,Số lượng rời mạng,Phú Giáo,98.0
WO_HUYEN_BD,2026-04,Số lượng rời mạng,TP Dĩ An,606.0
WO_HUYEN_BD,2026-04,Số lượng rời mạng,TP Thuận An,905.0
WO_HUYEN_BD,2026-04,Số lượng rời mạng,TP Thủ Dầu Một,417.0
WO_HUYEN_BD,2026-04,Tỷ lệ rời mạng,Bàu Bàng,0.56
WO_HUYEN_BD,2026-04,Tỷ lệ rời mạng,Bắc Tân Uyên,0.66
WO_HUYEN_BD,2026-04,Tỷ lệ rời mạng,Bến Cát,1.03
WO_HUYEN_BD,2026-04,Tỷ lệ rời mạng,TP Dĩ An,1.36
WO_HUYEN_BD,2026-04,Tỷ lệ rời mạng,TP Dĩ An,0.83
WO_HUYEN_BD,2026-04,Tỷ lệ rời mạng,TP Dĩ An,0.96
WO_HUYEN_BD,2026-04,Tỷ lệ rời mạng,TP Dĩ An,0.73
WO_HUYEN_BD,2026-04,Tỷ lệ rời mạng,TP Thuận An,1.36
WO_HUYEN_BD,2026-04,Tỷ lệ rời mạng,TP Thủ Dầu Một,0.93
WO_HUYEN_BD,2026-05,Số lượng rời mạng,Bàu Bàng,72.0
WO_HUYEN_BD,2026-05,Số lượng rời mạng,Bắc Tân Uyên,38.0
WO_HUYEN_BD,2026-05,Số lượng rời mạng,Bến Cát,245.0
WO_HUYEN_BD,2026-05,Số lượng rời mạng,TP Dĩ An,88.0
WO_HUYEN_BD,2026-05,Số lượng rời mạng,TP Dĩ An,325.0
WO_HUYEN_BD,2026-05,Số lượng rời mạng,TP Dĩ An,74.0
WO_HUYEN_BD,2026-05,Số lượng rời mạng,TP Dĩ An,553.0
WO_HUYEN_BD,2026-05,Số lượng rời mạng,TP Thuận An,735.0
WO_HUYEN_BD,2026-05,Số lượng rời mạng,TP Thủ Dầu Một,582.0
WO_HUYEN_BD,2026-05,Tỷ lệ rời mạng,Bàu Bàng,0.68
WO_HUYEN_BD,2026-05,Tỷ lệ rời mạng,Bắc Tân Uyên,0.62
WO_HUYEN_BD,2026-05,Tỷ lệ rời mạng,Bến Cát,0.88
WO_HUYEN_BD,2026-05,Tỷ lệ rời mạng,Bến Cát,0.75
WO_HUYEN_BD,2026-05,Tỷ lệ rời mạng,Bến Cát,0.61
WO_HUYEN_BD,2026-05,Tỷ lệ rời mạng,Bến Cát,0.98
WO_HUYEN_BD,2026-05,Tỷ lệ rời mạng,TP Dĩ An,1.24
WO_HUYEN_BD,2026-05,Tỷ lệ rời mạng,TP Thuận An,1.11
WO_HUYEN_BD,2026-05,Tỷ lệ rời mạng,TP Thủ Dầu Một,1.3
WO_HUYEN_BD,2026-06,Số lượng rời mạng,Bàu Bàng,75.0
WO_HUYEN_BD,2026-06,Số lượng rời mạng,Bắc Tân Uyên,37.0
WO_HUYEN_BD,2026-06,Số lượng rời mạng,Bến Cát,229.0
WO_HUYEN_BD,2026-06,Số lượng rời mạng,Dầu Tiếng,76.0
WO_HUYEN_BD,2026-06,Số lượng rời mạng,Dầu Tiếng,103.0
WO_HUYEN_BD,2026-06,Số lượng rời mạng,Dầu Tiếng,283.0
WO_HUYEN_BD,2026-06,Số lượng rời mạng,TP Dĩ An,506.0
WO_HUYEN_BD,2026-06,Số lượng rời mạng,TP Thuận An,820.0
WO_HUYEN_BD,2026-06,Số lượng rời mạng,TP Thủ Dầu Một,443.0
WO_HUYEN_BD,2026-06,Thuê bao FTTH,Bàu Bàng,10620.0
WO_HUYEN_BD,2026-06,Thuê bao FTTH,Bắc Tân Uyên,6178.0
WO_HUYEN_BD,2026-06,Thuê bao FTTH,Bến Cát,25122.0
WO_HUYEN_BD,2026-06,Thuê bao FTTH,TP Dĩ An,44690.0
WO_HUYEN_BD,2026-06,Thuê bao FTTH,TP Dĩ An,37106.0
WO_HUYEN_BD,2026-06,Thuê bao FTTH,TP Dĩ An,12074.0
WO_HUYEN_BD,2026-06,Thuê bao FTTH,TP Dĩ An,11767.0
WO_HUYEN_BD,2026-06,Thuê bao FTTH,TP Thuận An,66503.0
WO_HUYEN_BD,2026-06,Thuê bao FTTH,TP Thủ Dầu Một,44821.0
WO_HUYEN_BD,2026-06,Tỷ lệ rời mạng,Bàu Bàng,0.71
WO_HUYEN_BD,2026-06,Tỷ lệ rời mạng,Bắc Tân Uyên,0.6
WO_HUYEN_BD,2026-06,Tỷ lệ rời mạng,Bến Cát,0.91
WO_HUYEN_BD,2026-06,Tỷ lệ rời mạng,TP Dĩ An,1.13
WO_HUYEN_BD,2026-06,Tỷ lệ rời mạng,TP Thuận An,1.23
WO_HUYEN_BD,2026-06,Tỷ lệ rời mạng,TP Thủ Dầu Một,0.99
WO_HUYEN_BD,2026-06,Tỷ lệ rời mạng,TP Thủ Dầu Một,0.63
WO_HUYEN_BD,2026-06,Tỷ lệ rời mạng,TP Thủ Dầu Một,0.88
WO_HUYEN_BD,2026-06,Tỷ lệ rời mạng,TP Thủ Dầu Một,0.76
WO_HUYEN_BD,2026-07,Số lượng rời mạng,Bàu Bàng,75.0
WO_HUYEN_BD,2026-07,Số lượng rời mạng,Bắc Tân Uyên,37.0
WO_HUYEN_BD,2026-07,Số lượng rời mạng,Bến Cát,229.0
WO_HUYEN_BD,2026-07,Số lượng rời mạng,Phú Giáo,76.0
WO_HUYEN_BD,2026-07,Số lượng rời mạng,Phú Giáo,103.0
WO_HUYEN_BD,2026-07,Số lượng rời mạng,Phú Giáo,283.0
WO_HUYEN_BD,2026-07,Số lượng rời mạng,TP Dĩ An,506.0
WO_HUYEN_BD,2026-07,Số lượng rời mạng,TP Thuận An,820.0
WO_HUYEN_BD,2026-07,Số lượng rời mạng,TP Thủ Dầu Một,443.0
WO_HUYEN_BD,2026-07,Thuê bao FTTH,Bàu Bàng,10620.0
WO_HUYEN_BD,2026-07,Thuê bao FTTH,Bắc Tân Uyên,6178.0
WO_HUYEN_BD,2026-07,Thuê bao FTTH,Bến Cát,25122.0
WO_HUYEN_BD,2026-07,Thuê bao FTTH,TP Dĩ An,44690.0
WO_HUYEN_BD,2026-07,Thuê bao FTTH,TP Dĩ An,37106.0
WO_HUYEN_BD,2026-07,Thuê bao FTTH,TP Dĩ An,12074.0
WO_HUYEN_BD,2026-07,Thuê bao FTTH,TP Dĩ An,11767.0
WO_HUYEN_BD,2026-07,Thuê bao FTTH,TP Thuận An,66503.0
WO_HUYEN_BD,2026-07,Thuê bao FTTH,TP Thủ Dầu Một,44821.0
WO_HUYEN_BD,2026-07,Tỷ lệ rời mạng,Bàu Bàng,0.71
WO_HUYEN_BD,2026-07,Tỷ lệ rời mạng,Bắc Tân Uyên,0.6
WO_HUYEN_BD,2026-07,Tỷ lệ rời mạng,Bến Cát,0.91
WO_HUYEN_BD,2026-07,Tỷ lệ rời mạng,TP Dĩ An,1.13
WO_HUYEN_BD,2026-07,Tỷ lệ rời mạng,TP Thuận An,1.23
WO_HUYEN_BD,2026-07,Tỷ lệ rời mạng,TP Thủ Dầu Một,0.99
WO_HUYEN_BD,2026-07,Tỷ lệ rời mạng,TP Thủ Dầu Một,0.63
WO_HUYEN_BD,2026-07,Tỷ lệ rời mạng,TP Thủ Dầu Một,0.88
WO_HUYEN_BD,2026-07,Tỷ lệ rời mạng,TP Thủ Dầu Một,0.76
WO_HUYEN_BD,2026-08,Số lượng rời mạng,Bàu Bàng,75.0
WO_HUYEN_BD,2026-08,Số lượng rời mạng,Bắc Tân Uyên,37.0
WO_HUYEN_BD,2026-08,Số lượng rời mạng,Bến Cát,229.0
WO_HUYEN_BD,2026-08,Số lượng rời mạng,Phú Giáo,76.0
WO_HUYEN_BD,2026-08,Số lượng rời mạng,Phú Giáo,103.0
WO_HUYEN_BD,2026-08,Số lượng rời mạng,Phú Giáo,283.0
WO_HUYEN_BD,2026-08,Số lượng rời mạng,TP Dĩ An,506.0
WO_HUYEN_BD,2026-08,Số lượng rời mạng,TP Thuận An,820.0
WO_HUYEN_BD,2026-08,Số lượng rời mạng,TP Thủ Dầu Một,443.0
WO_HUYEN_BD,2026-08,Thuê bao FTTH,Bàu Bàng,10620.0
WO_HUYEN_BD,2026-08,Thuê bao FTTH,Bắc Tân Uyên,6178.0
WO_HUYEN_BD,2026-08,Thuê bao FTTH,Bến Cát,25122.0
WO_HUYEN_BD,2026-08,Thuê bao FTTH,TP Dĩ An,44690.0
WO_HUYEN_BD,2026-08,Thuê bao FTTH,TP Dĩ An,37106.0
WO_HUYEN_BD,2026-08,Thuê bao FTTH,TP Dĩ An,12074.0
WO_HUYEN_BD,2026-08,Thuê bao FTTH,TP Dĩ An,11767.0
WO_HUYEN_BD,2026-08,Thuê bao FTTH,TP Thuận An,66503.0
WO_HUYEN_BD,2026-08,Thuê bao FTTH,TP Thủ Dầu Một,44821.0
WO_HUYEN_BD,2026-08,Tỷ lệ rời mạng,Bàu Bàng,0.71
WO_HUYEN_BD,2026-08,Tỷ lệ rời mạng,Bắc Tân Uyên,0.6
WO_HUYEN_BD,2026-08,Tỷ lệ rời mạng,Bắc Tân Uyên,0.63
WO_HUYEN_BD,2026-08,Tỷ lệ rời mạng,Bắc Tân Uyên,0.88
WO_HUYEN_BD,2026-08,Tỷ lệ rời mạng,Bắc Tân Uyên,0.76
WO_HUYEN_BD,2026-08,Tỷ lệ rời mạng,Bến Cát,0.91
WO_HUYEN_BD,2026-08,Tỷ lệ rời mạng,TP Dĩ An,1.13
WO_HUYEN_BD,2026-08,Tỷ lệ rời mạng,TP Thuận An,1.23
WO_HUYEN_BD,2026-08,Tỷ lệ rời mạng,TP Thủ Dầu Một,0.99
WO_HUYEN_BRVT,2026-01,Số lượng rời mạng,Côn Đảo,172.0
WO_HUYEN_BRVT,2026-01,Số lượng rời mạng,Côn Đảo,78.0
WO_HUYEN_BRVT,2026-01,Số lượng rời mạng,Côn Đảo,22.0
WO_HUYEN_BRVT,2026-01,Số lượng rời mạng,Côn Đảo,112.0
WO_HUYEN_BRVT,2026-01,Số lượng rời mạng,Côn Đảo,388.0
WO_HUYEN_BRVT,2026-01,Số lượng rời mạng,Long Điền,116.0
WO_HUYEN_BRVT,2026-01,Số lượng rời mạng,Xuyên Mộc,105.0
WO_HUYEN_BRVT,2026-01,Số lượng rời mạng,Đất Đỏ,60.0
WO_HUYEN_BRVT,2026-01,Tỷ lệ rời mạng,Long Điền,0.69
WO_HUYEN_BRVT,2026-01,Tỷ lệ rời mạng,Xuyên Mộc,0.9
WO_HUYEN_BRVT,2026-01,Tỷ lệ rời mạng,Xuyên Mộc,0.82
WO_HUYEN_BRVT,2026-01,Tỷ lệ rời mạng,Xuyên Mộc,1.27
WO_HUYEN_BRVT,2026-01,Tỷ lệ rời mạng,Xuyên Mộc,0.77
WO_HUYEN_BRVT,2026-01,Tỷ lệ rời mạng,Xuyên Mộc,1.19
WO_HUYEN_BRVT,2026-01,Tỷ lệ rời mạng,Xuyên Mộc,1.25
WO_HUYEN_BRVT,2026-01,Tỷ lệ rời mạng,Đất Đỏ,0.67
WO_HUYEN_BRVT,2026-02,Số lượng rời mạng,Long Điền,131.0
WO_HUYEN_BRVT,2026-02,Số lượng rời mạng,Xuyên Mộc,135.0
WO_HUYEN_BRVT,2026-02,Số lượng rời mạng,Đất Đỏ,51.0
WO_HUYEN_BRVT,2026-02,Số lượng rời mạng,Đất Đỏ,33.0
WO_HUYEN_BRVT,2026-02,Số lượng rời mạng,Đất Đỏ,356.0
WO_HUYEN_BRVT,2026-02,Số lượng rời mạng,Đất Đỏ,119.0
WO_HUYEN_BRVT,2026-02,Số lượng rời mạng,Đất Đỏ,111.0
WO_HUYEN_BRVT,2026-02,Số lượng rời mạng,Đất Đỏ,128.0
WO_HUYEN_BRVT,2026-02,Tỷ lệ rời mạng,Bà Rịa,1.9
WO_HUYEN_BRVT,2026-02,Tỷ lệ rời mạng,Bà Rịa,1.35
WO_HUYEN_BRVT,2026-02,Tỷ lệ rời mạng,Bà Rịa,0.82
WO_HUYEN_BRVT,2026-02,Tỷ lệ rời mạng,Bà Rịa,1.15
WO_HUYEN_BRVT,2026-02,Tỷ lệ rời mạng,Bà Rịa,0.76
WO_HUYEN_BRVT,2026-02,Tỷ lệ rời mạng,Long Điền,0.78
WO_HUYEN_BRVT,2026-02,Tỷ lệ rời mạng,Xuyên Mộc,1.16
WO_HUYEN_BRVT,2026-02,Tỷ lệ rời mạng,Đất Đỏ,0.57
WO_HUYEN_BRVT,2026-03,Số lượng rời mạng,Long Điền,119.0
WO_HUYEN_BRVT,2026-03,Số lượng rời mạng,Xuyên Mộc,145.0
WO_HUYEN_BRVT,2026-03,Số lượng rời mạng,Xuyên Mộc,113.0
WO_HUYEN_BRVT,2026-03,Số lượng rời mạng,Xuyên Mộc,368.0
WO_HUYEN_BRVT,2026-03,Số lượng rời mạng,Xuyên Mộc,10.0
WO_HUYEN_BRVT,2026-03,Số lượng rời mạng,Xuyên Mộc,98.0
WO_HUYEN_BRVT,2026-03,Số lượng rời mạng,Xuyên Mộc,148.0
WO_HUYEN_BRVT,2026-03,Số lượng rời mạng,Đất Đỏ,36.0
WO_HUYEN_BRVT,2026-03,Tỷ lệ rời mạng,Long Điền,0.71
WO_HUYEN_BRVT,2026-03,Tỷ lệ rời mạng,Vũng Tàu,1.19
WO_HUYEN_BRVT,2026-03,Tỷ lệ rời mạng,Vũng Tàu,0.78
WO_HUYEN_BRVT,2026-03,Tỷ lệ rời mạng,Vũng Tàu,0.58
WO_HUYEN_BRVT,2026-03,Tỷ lệ rời mạng,Vũng Tàu,1.04
WO_HUYEN_BRVT,2026-03,Tỷ lệ rời mạng,Vũng Tàu,1.02
WO_HUYEN_BRVT,2026-03,Tỷ lệ rời mạng,Xuyên Mộc,1.24
WO_HUYEN_BRVT,2026-03,Tỷ lệ rời mạng,Đất Đỏ,0.4
WO_HUYEN_BRVT,2026-04,Số lượng rời mạng,Long Điền,109.0
WO_HUYEN_BRVT,2026-04,Số lượng rời mạng,Long Điền,118.0
WO_HUYEN_BRVT,2026-04,Số lượng rời mạng,Long Điền,311.0
WO_HUYEN_BRVT,2026-04,Số lượng rời mạng,Long Điền,125.0
WO_HUYEN_BRVT,2026-04,Số lượng rời mạng,Long Điền,120.0
WO_HUYEN_BRVT,2026-04,Số lượng rời mạng,Long Điền,10.0
WO_HUYEN_BRVT,2026-04,Số lượng rời mạng,Xuyên Mộc,141.0
WO_HUYEN_BRVT,2026-04,Số lượng rời mạng,Đất Đỏ,69.0
WO_HUYEN_BRVT,2026-04,Tỷ lệ rời mạng,Long Điền,0.7
WO_HUYEN_BRVT,2026-04,Tỷ lệ rời mạng,Phú Mỹ,0.83
WO_HUYEN_BRVT,2026-04,Tỷ lệ rời mạng,Phú Mỹ,0.58
WO_HUYEN_BRVT,2026-04,Tỷ lệ rời mạng,Phú Mỹ,0.86
WO_HUYEN_BRVT,2026-04,Tỷ lệ rời mạng,Phú Mỹ,1.15
WO_HUYEN_BRVT,2026-04,Tỷ lệ rời mạng,Phú Mỹ,1.0
WO_HUYEN_BRVT,2026-04,Tỷ lệ rời mạng,Xuyên Mộc,1.21
WO_HUYEN_BRVT,2026-04,Tỷ lệ rời mạng,Đất Đỏ,0.78
WO_HUYEN_BRVT,2026-05,Số lượng rời mạng,Bà Rịa,371.0
WO_HUYEN_BRVT,2026-05,Số lượng rời mạng,Bà Rịa,107.0
WO_HUYEN_BRVT,2026-05,Số lượng rời mạng,Bà Rịa,17.0
WO_HUYEN_BRVT,2026-05,Số lượng rời mạng,Bà Rịa,109.0
WO_HUYEN_BRVT,2026-05,Số lượng rời mạng,Bà Rịa,118.0
WO_HUYEN_BRVT,2026-05,Số lượng rời mạng,Long Điền,123.0
WO_HUYEN_BRVT,2026-05,Số lượng rời mạng,Xuyên Mộc,128.0
WO_HUYEN_BRVT,2026-05,Số lượng rời mạng,Đất Đỏ,60.0
WO_HUYEN_BRVT,2026-05,Tỷ lệ rời mạng,Long Điền,0.73
WO_HUYEN_BRVT,2026-05,Tỷ lệ rời mạng,Vũng Tàu,0.98
WO_HUYEN_BRVT,2026-05,Tỷ lệ rời mạng,Vũng Tàu,1.25
WO_HUYEN_BRVT,2026-05,Tỷ lệ rời mạng,Vũng Tàu,0.74
WO_HUYEN_BRVT,2026-05,Tỷ lệ rời mạng,Vũng Tàu,0.75
WO_HUYEN_BRVT,2026-05,Tỷ lệ rời mạng,Vũng Tàu,1.2
WO_HUYEN_BRVT,2026-05,Tỷ lệ rời mạng,Xuyên Mộc,1.1
WO_HUYEN_BRVT,2026-05,Tỷ lệ rời mạng,Đất Đỏ,0.67
WO_HUYEN_BRVT,2026-06,Số lượng rời mạng,Long Điền,139.0
WO_HUYEN_BRVT,2026-06,Số lượng rời mạng,Long Điền,94.0
WO_HUYEN_BRVT,2026-06,Số lượng rời mạng,Long Điền,13.0
WO_HUYEN_BRVT,2026-06,Số lượng rời mạng,Long Điền,368.0
WO_HUYEN_BRVT,2026-06,Số lượng rời mạng,Long Điền,117.0
WO_HUYEN_BRVT,2026-06,Số lượng rời mạng,Long Điền,77.0
WO_HUYEN_BRVT,2026-06,Số lượng rời mạng,Xuyên Mộc,112.0
WO_HUYEN_BRVT,2026-06,Số lượng rời mạng,Đất Đỏ,58.0
WO_HUYEN_BRVT,2026-06,Thuê bao FTTH,Châu Đức,14525.0
WO_HUYEN_BRVT,2026-06,Thuê bao FTTH,Châu Đức,9466.0
WO_HUYEN_BRVT,2026-06,Thuê bao FTTH,Châu Đức,1734.0
WO_HUYEN_BRVT,2026-06,Thuê bao FTTH,Châu Đức,31025.0
WO_HUYEN_BRVT,2026-06,Thuê bao FTTH,Châu Đức,14470.0
WO_HUYEN_BRVT,2026-06,Thuê bao FTTH,Long Điền,16829.0
WO_HUYEN_BRVT,2026-06,Thuê bao FTTH,Xuyên Mộc,11670.0
WO_HUYEN_BRVT,2026-06,Thuê bao FTTH,Đất Đỏ,8895.0
WO_HUYEN_BRVT,2026-06,Tỷ lệ rời mạng,Long Điền,0.83
WO_HUYEN_BRVT,2026-06,Tỷ lệ rời mạng,Long Điền,0.65
WO_HUYEN_BRVT,2026-06,Tỷ lệ rời mạng,Long Điền,1.19
WO_HUYEN_BRVT,2026-06,Tỷ lệ rời mạng,Long Điền,0.81
WO_HUYEN_BRVT,2026-06,Tỷ lệ rời mạng,Long Điền,0.81
WO_HUYEN_BRVT,2026-06,Tỷ lệ rời mạng,Long Điền,0.75
WO_HUYEN_BRVT,2026-06,Tỷ lệ rời mạng,Xuyên Mộc,0.96
WO_HUYEN_BRVT,2026-06,Tỷ lệ rời mạng,Đất Đỏ,0.65
WO_HUYEN_BRVT,2026-07,Số lượng rời mạng,Long Điền,139.0
WO_HUYEN_BRVT,2026-07,Số lượng rời mạng,Long Điền,94.0
WO_HUYEN_BRVT,2026-07,Số lượng rời mạng,Long Điền,13.0
WO_HUYEN_BRVT,2026-07,Số lượng rời mạng,Long Điền,368.0
WO_HUYEN_BRVT,2026-07,Số lượng rời mạng,Long Điền,117.0
WO_HUYEN_BRVT,2026-07,Số lượng rời mạng,Long Điền,77.0
WO_HUYEN_BRVT,2026-07,Số lượng rời mạng,Xuyên Mộc,112.0
WO_HUYEN_BRVT,2026-07,Số lượng rời mạng,Đất Đỏ,58.0
WO_HUYEN_BRVT,2026-07,Thuê bao FTTH,Châu Đức,14525.0
WO_HUYEN_BRVT,2026-07,Thuê bao FTTH,Châu Đức,9466.0
WO_HUYEN_BRVT,2026-07,Thuê bao FTTH,Châu Đức,1734.0
WO_HUYEN_BRVT,2026-07,Thuê bao FTTH,Châu Đức,31025.0
WO_HUYEN_BRVT,2026-07,Thuê bao FTTH,Châu Đức,14470.0
WO_HUYEN_BRVT,2026-07,Thuê bao FTTH,Long Điền,16829.0
WO_HUYEN_BRVT,2026-07,Thuê bao FTTH,Xuyên Mộc,11670.0
WO_HUYEN_BRVT,2026-07,Thuê bao FTTH,Đất Đỏ,8895.0
WO_HUYEN_BRVT,2026-07,Tỷ lệ rời mạng,Long Điền,0.83
WO_HUYEN_BRVT,2026-07,Tỷ lệ rời mạng,Long Điền,0.65
WO_HUYEN_BRVT,2026-07,Tỷ lệ rời mạng,Long Điền,1.19
WO_HUYEN_BRVT,2026-07,Tỷ lệ rời mạng,Long Điền,0.81
WO_HUYEN_BRVT,2026-07,Tỷ lệ rời mạng,Long Điền,0.81
WO_HUYEN_BRVT,2026-07,Tỷ lệ rời mạng,Long Điền,0.75
WO_HUYEN_BRVT,2026-07,Tỷ lệ rời mạng,Xuyên Mộc,0.96
WO_HUYEN_BRVT,2026-07,Tỷ lệ rời mạng,Đất Đỏ,0.65
WO_HUYEN_BRVT,2026-08,Số lượng rời mạng,Long Điền,139.0
WO_HUYEN_BRVT,2026-08,Số lượng rời mạng,Long Điền,94.0
WO_HUYEN_BRVT,2026-08,Số lượng rời mạng,Long Điền,13.0
WO_HUYEN_BRVT,2026-08,Số lượng rời mạng,Long Điền,368.0
WO_HUYEN_BRVT,2026-08,Số lượng rời mạng,Long Điền,117.0
WO_HUYEN_BRVT,2026-08,Số lượng rời mạng,Long Điền,77.0
WO_HUYEN_BRVT,2026-08,Số lượng rời mạng,Xuyên Mộc,112.0
WO_HUYEN_BRVT,2026-08,Số lượng rời mạng,Đất Đỏ,58.0
WO_HUYEN_BRVT,2026-08,Thuê bao FTTH,Châu Đức,14525.0
WO_HUYEN_BRVT,2026-08,Thuê bao FTTH,Châu Đức,9466.0
WO_HUYEN_BRVT,2026-08,Thuê bao FTTH,Châu Đức,1734.0
WO_HUYEN_BRVT,2026-08,Thuê bao FTTH,Châu Đức,31025.0
WO_HUYEN_BRVT,2026-08,Thuê bao FTTH,Châu Đức,14470.0
WO_HUYEN_BRVT,2026-08,Thuê bao FTTH,Long Điền,16829.0
WO_HUYEN_BRVT,2026-08,Thuê bao FTTH,Xuyên Mộc,11670.0
WO_HUYEN_BRVT,2026-08,Thuê bao FTTH,Đất Đỏ,8895.0
WO_HUYEN_BRVT,2026-08,Tỷ lệ rời mạng,Long Điền,0.83
WO_HUYEN_BRVT,2026-08,Tỷ lệ rời mạng,Xuyên Mộc,0.96
WO_HUYEN_BRVT,2026-08,Tỷ lệ rời mạng,Đất Đỏ,0.65
WO_HUYEN_BRVT,2026-08,Tỷ lệ rời mạng,Đất Đỏ,0.65
WO_HUYEN_BRVT,2026-08,Tỷ lệ rời mạng,Đất Đỏ,1.19
WO_HUYEN_BRVT,2026-08,Tỷ lệ rời mạng,Đất Đỏ,0.81
WO_HUYEN_BRVT,2026-08,Tỷ lệ rời mạng,Đất Đỏ,0.81
WO_HUYEN_BRVT,2026-08,Tỷ lệ rời mạng,Đất Đỏ,0.75
WO_TARGET,2026-01,Tỷ lệ rời mạng CĐBR,,0.61
WO_TARGET,2026-02,Tỷ lệ rời mạng CĐBR,,0.61
WO_TARGET,2026-03,Tỷ lệ rời mạng CĐBR,,0.61
WO_TARGET,2026-04,Tỷ lệ rời mạng CĐBR,,0.61
WO_TARGET,2026-05,Tỷ lệ rời mạng CĐBR,,0.61
WO_TARGET,2026-06,Tỷ lệ rời mạng CĐBR,,0.61
WO_TARGET,2026-07,Tỷ lệ rời mạng CĐBR,,0.61
WO_TARGET,2026-08,Tỷ lệ rời mạng CĐBR,,0.61
WO_TINH,2026-01,Số lượng KH rời mạng,BDG,3035.0
WO_TINH,2026-01,Số lượng KH rời mạng,VCC HCM,4088.0
WO_TINH,2026-01,Số lượng KH rời mạng,VTU,1053.0
WO_TINH,2026-02,Số lượng KH rời mạng,BDG,2766.0
WO_TINH,2026-02,Số lượng KH rời mạng,VCC HCM,3834.0
WO_TINH,2026-02,Số lượng KH rời mạng,VTU,1068.0
WO_TINH,2026-03,Số lượng KH rời mạng,BDG,2593.0
WO_TINH,2026-03,Số lượng KH rời mạng,VCC HCM,3631.0
WO_TINH,2026-03,Số lượng KH rời mạng,VTU,1038.0
WO_TINH,2026-04,Số lượng KH rời mạng,BDG,2831.0
WO_TINH,2026-04,Số lượng KH rời mạng,VCC HCM,3838.0
WO_TINH,2026-04,Số lượng KH rời mạng,VTU,1007.0
WO_TINH,2026-05,Số lượng KH rời mạng,BDG,2722.0
WO_TINH,2026-05,Số lượng KH rời mạng,VCC HCM,3761.0
WO_TINH,2026-05,Số lượng KH rời mạng,VTU,1039.0
WO_TINH,2026-06,Số lượng KH rời mạng,BDG,2580.0
WO_TINH,2026-06,Số lượng KH rời mạng,VCC HCM,3569.0
WO_TINH,2026-06,Số lượng KH rời mạng,VTU,989.0
WO_TINH,2026-07,Số lượng KH rời mạng,BDG,2580.0
WO_TINH,2026-07,Số lượng KH rời mạng,VCC HCM,3569.0
WO_TINH,2026-07,Số lượng KH rời mạng,VTU,989.0
WO_TINH,2026-08,Số lượng KH rời mạng,BDG,2580.0
WO_TINH,2026-08,Số lượng KH rời mạng,VCC HCM,3569.0
WO_TINH,2026-08,Số lượng KH rời mạng,VTU,989.0
